id,number,compound_id,created_at,updated_at,source_id,source_type
1,FDB003998,13798,2019-08-01 18:38:52 UTC,2019-08-01 18:38:52 UTC,,
2,FDB030672,14616,2019-08-01 18:38:54 UTC,2019-08-01 18:38:54 UTC,,
3,FDB020538,23246,2019-08-01 18:38:54 UTC,2019-08-01 18:38:54 UTC,,
4,FDB017197,2613,2019-08-01 18:38:57 UTC,2019-08-01 18:38:57 UTC,,
5,FDB019855,19857,2019-08-01 18:39:02 UTC,2019-08-01 18:39:02 UTC,,
6,FDB003847,812,2019-08-01 18:39:02 UTC,2019-08-01 18:39:02 UTC,,
7,FDB003828,812,2019-08-01 18:39:02 UTC,2019-08-01 18:39:02 UTC,,
8,FDB003835,812,2019-08-01 18:39:03 UTC,2019-08-01 18:39:03 UTC,,
9,FDB015986,3973,2019-08-01 18:39:03 UTC,2019-08-01 18:39:03 UTC,,
10,FDB008769,3935,2019-08-01 18:39:05 UTC,2019-08-01 18:39:05 UTC,,
11,FDB008770,4007,2019-08-01 18:39:05 UTC,2019-08-01 18:39:05 UTC,,
12,FDB000688,11939,2019-08-01 18:39:07 UTC,2019-08-01 18:39:07 UTC,,
13,FDB015731,4804,2019-08-01 18:39:10 UTC,2019-08-01 18:39:10 UTC,,
14,FDB015758,18350,2019-08-01 18:39:15 UTC,2019-08-01 18:39:15 UTC,,
15,FDB013747,18350,2019-08-01 18:39:15 UTC,2019-08-01 18:39:15 UTC,,
16,FDB013748,18350,2019-08-01 18:39:15 UTC,2019-08-01 18:39:15 UTC,,
17,FDB004540,5207,2019-08-01 18:39:27 UTC,2019-08-01 18:39:27 UTC,,
18,FDB001483,5207,2019-08-01 18:39:27 UTC,2019-08-01 18:39:27 UTC,,
19,FDB003809,5207,2019-08-01 18:39:27 UTC,2019-08-01 18:39:27 UTC,,
20,FDB016272,31299,2019-08-01 18:39:27 UTC,2019-08-01 18:39:27 UTC,,
21,FDB013282,13284,2019-08-01 18:39:32 UTC,2019-08-01 18:39:32 UTC,,
22,FDB003292,5407,2019-08-01 18:39:32 UTC,2019-08-01 18:39:32 UTC,,
23,FDB015833,30827,2019-08-01 18:39:33 UTC,2019-08-01 18:39:33 UTC,,
24,FDB014598,14614,2019-08-01 18:39:33 UTC,2019-08-01 18:39:33 UTC,,
25,FDB014193,14614,2019-08-01 18:39:33 UTC,2019-08-01 18:39:33 UTC,,
26,FDB021147,21154,2019-08-01 18:39:33 UTC,2019-08-01 18:39:33 UTC,,
27,FDB008239,4561,2019-08-01 18:39:34 UTC,2019-08-01 18:39:34 UTC,,
28,FDB008082,31366,2019-08-01 18:39:34 UTC,2019-08-01 18:39:34 UTC,,
29,FDB006672,21970,2019-08-01 18:39:39 UTC,2019-08-01 18:39:39 UTC,,
30,FDB006066,21970,2019-08-01 18:39:39 UTC,2019-08-01 18:39:39 UTC,,
31,FDB007648,21970,2019-08-01 18:39:39 UTC,2019-08-01 18:39:39 UTC,,
32,FDB030385,20091,2019-08-01 18:39:41 UTC,2019-08-01 18:39:41 UTC,,
33,FDB013147,20091,2019-08-01 18:39:41 UTC,2019-08-01 18:39:41 UTC,,
34,FDB000457,20091,2019-08-01 18:39:41 UTC,2019-08-01 18:39:41 UTC,,
35,FDB015987,18955,2019-08-01 18:39:45 UTC,2019-08-01 18:39:45 UTC,,
36,FDB015988,18955,2019-08-01 18:39:45 UTC,2019-08-01 18:39:45 UTC,,
37,FDB005921,1462,2019-08-01 18:39:45 UTC,2019-08-01 18:39:45 UTC,,
38,FDB029665,1462,2019-08-01 18:39:45 UTC,2019-08-01 18:39:45 UTC,,
39,FDB014963,1413,2019-08-01 18:39:45 UTC,2019-08-01 18:39:45 UTC,,
40,FDB017556,1413,2019-08-01 18:39:45 UTC,2019-08-01 18:39:45 UTC,,
41,FDB015967,7476,2019-08-01 18:39:46 UTC,2019-08-01 18:39:46 UTC,,
42,FDB003993,7476,2019-08-01 18:39:46 UTC,2019-08-01 18:39:46 UTC,,
43,FDB015995,21928,2019-08-01 18:39:46 UTC,2019-08-01 18:39:46 UTC,,
44,FDB015997,21928,2019-08-01 18:39:46 UTC,2019-08-01 18:39:46 UTC,,
45,FDB007057,14604,2019-08-01 18:39:47 UTC,2019-08-01 18:39:47 UTC,,
46,FDB003818,14604,2019-08-01 18:39:47 UTC,2019-08-01 18:39:47 UTC,,
47,FDB005916,13525,2019-08-01 18:39:47 UTC,2019-08-01 18:39:47 UTC,,
48,FDB029779,13525,2019-08-01 18:39:47 UTC,2019-08-01 18:39:47 UTC,,
49,FDB014507,5517,2019-08-01 18:39:47 UTC,2019-08-01 18:39:47 UTC,,
50,FDB014287,5517,2019-08-01 18:39:47 UTC,2019-08-01 18:39:47 UTC,,
51,FDB000933,31083,2019-08-01 18:39:47 UTC,2019-08-01 18:39:47 UTC,,
52,FDB004267,31083,2019-08-01 18:39:47 UTC,2019-08-01 18:39:47 UTC,,
53,FDB008394,20364,2019-08-01 18:39:48 UTC,2019-08-01 18:39:48 UTC,,
54,FDB017643,20364,2019-08-01 18:39:48 UTC,2019-08-01 18:39:48 UTC,,
55,FDB012134,4161,2019-08-01 18:39:48 UTC,2019-08-01 18:39:48 UTC,,
56,FDB008756,3995,2019-08-01 18:39:48 UTC,2019-08-01 18:39:48 UTC,,
57,FDB016744,8345,2019-08-01 18:39:48 UTC,2019-08-01 18:39:48 UTC,,
58,FDB021845,8345,2019-08-01 18:39:48 UTC,2019-08-01 18:39:48 UTC,,
59,FDB017639,16880,2019-08-01 18:39:48 UTC,2019-08-01 18:39:48 UTC,,
60,FDB016874,16880,2019-08-01 18:39:48 UTC,2019-08-01 18:39:48 UTC,,
61,FDB004497,11411,2019-08-01 18:39:48 UTC,2019-08-01 18:39:48 UTC,,
62,FDB004498,11411,2019-08-01 18:39:48 UTC,2019-08-01 18:39:48 UTC,,
63,FDB009782,21183,2019-08-01 18:39:48 UTC,2019-08-01 18:39:48 UTC,,
64,FDB003933,30409,2019-08-01 18:39:49 UTC,2019-08-01 18:39:49 UTC,,
65,FDB012483,30409,2019-08-01 18:39:49 UTC,2019-08-01 18:39:49 UTC,,
66,FDB021769,13826,2019-08-01 18:39:49 UTC,2019-08-01 18:39:49 UTC,,
67,FDB006956,10418,2019-08-01 18:39:49 UTC,2019-08-01 18:39:49 UTC,,
68,FDB015479,10418,2019-08-01 18:39:49 UTC,2019-08-01 18:39:49 UTC,,
69,FDB008742,12833,2019-08-01 18:39:49 UTC,2019-08-01 18:39:49 UTC,,
70,FDB009015,12833,2019-08-01 18:39:49 UTC,2019-08-01 18:39:49 UTC,,
71,FDB011814,31375,2019-08-01 18:39:50 UTC,2019-08-01 18:39:50 UTC,,
72,FDB002451,31375,2019-08-01 18:39:50 UTC,2019-08-01 18:39:50 UTC,,
73,FDB010776,1030,2019-08-01 18:39:50 UTC,2019-08-01 18:39:50 UTC,,
74,FDB004453,2571,2019-08-01 18:39:50 UTC,2019-08-01 18:39:50 UTC,,
75,FDB017125,2571,2019-08-01 18:39:51 UTC,2019-08-01 18:39:51 UTC,,
76,FDB014987,13710,2019-08-01 18:39:51 UTC,2019-08-01 18:39:51 UTC,,
77,FDB014988,13710,2019-08-01 18:39:51 UTC,2019-08-01 18:39:51 UTC,,
78,FDB021658,15061,2019-08-01 18:39:51 UTC,2019-08-01 18:39:51 UTC,,
79,FDB015059,15061,2019-08-01 18:39:51 UTC,2019-08-01 18:39:51 UTC,,
80,FDB017227,12189,2019-08-01 18:39:51 UTC,2019-08-01 18:39:51 UTC,,
81,FDB013799,14956,2019-08-01 18:39:51 UTC,2019-08-01 18:39:51 UTC,,
82,FDB005875,14956,2019-08-01 18:39:52 UTC,2019-08-01 18:39:52 UTC,,
83,FDB014703,14705,2019-08-01 18:39:52 UTC,2019-08-01 18:39:52 UTC,,
84,FDB014704,14705,2019-08-01 18:39:52 UTC,2019-08-01 18:39:52 UTC,,
85,FDB007779,7831,2019-08-01 18:39:52 UTC,2019-08-01 18:39:52 UTC,,
86,FDB007790,7831,2019-08-01 18:39:52 UTC,2019-08-01 18:39:52 UTC,,
87,FDB021850,15057,2019-08-01 18:39:53 UTC,2019-08-01 18:39:53 UTC,,
88,FDB003890,14519,2019-08-01 18:39:53 UTC,2019-08-01 18:39:53 UTC,,
89,FDB018509,12226,2019-08-01 18:39:53 UTC,2019-08-01 18:39:53 UTC,,
90,FDB030699,12226,2019-08-01 18:39:53 UTC,2019-08-01 18:39:53 UTC,,
91,FDB017309,17313,2019-08-01 18:39:53 UTC,2019-08-01 18:39:53 UTC,,
92,FDB002753,17313,2019-08-01 18:39:54 UTC,2019-08-01 18:39:54 UTC,,
93,FDB018256,17327,2019-08-01 18:39:54 UTC,2019-08-01 18:39:54 UTC,,
94,FDB002755,17327,2019-08-01 18:39:54 UTC,2019-08-01 18:39:54 UTC,,
95,FDB017967,283,2019-08-01 18:39:54 UTC,2019-08-01 18:39:54 UTC,,
96,FDB018348,283,2019-08-01 18:39:54 UTC,2019-08-01 18:39:54 UTC,,
97,FDB017966,284,2019-08-01 18:39:54 UTC,2019-08-01 18:39:54 UTC,,
98,FDB018350,284,2019-08-01 18:39:54 UTC,2019-08-01 18:39:54 UTC,,
99,FDB006600,444,2019-08-01 18:39:54 UTC,2019-08-01 18:39:54 UTC,,
100,FDB011991,444,2019-08-01 18:39:54 UTC,2019-08-01 18:39:54 UTC,,
101,FDB000866,240,2019-08-01 18:39:54 UTC,2019-08-01 18:39:54 UTC,,
102,FDB004557,240,2019-08-01 18:39:54 UTC,2019-08-01 18:39:54 UTC,,
103,FDB021038,11813,2019-08-01 18:39:54 UTC,2019-08-01 18:39:54 UTC,,
104,FDB010826,11813,2019-08-01 18:39:54 UTC,2019-08-01 18:39:54 UTC,,
105,FDB021749,20498,2019-08-01 18:39:55 UTC,2019-08-01 18:39:55 UTC,,
106,FDB014189,14193,2019-08-01 18:39:55 UTC,2019-08-01 18:39:55 UTC,,
107,FDB014191,14193,2019-08-01 18:39:55 UTC,2019-08-01 18:39:55 UTC,,
108,FDB013889,4153,2019-08-01 18:39:55 UTC,2019-08-01 18:39:55 UTC,,
109,FDB000456,4153,2019-08-01 18:39:55 UTC,2019-08-01 18:39:55 UTC,,
110,FDB020569,21198,2019-08-01 18:39:55 UTC,2019-08-01 18:39:55 UTC,,
111,FDB021191,21198,2019-08-01 18:39:55 UTC,2019-08-01 18:39:55 UTC,,
112,FDB011675,31248,2019-08-01 18:39:56 UTC,2019-08-01 18:39:56 UTC,,
113,FDB006912,1537,2019-08-01 18:39:56 UTC,2019-08-01 18:39:56 UTC,,
114,FDB006991,1537,2019-08-01 18:39:56 UTC,2019-08-01 18:39:56 UTC,,
115,FDB017965,285,2019-08-01 18:39:56 UTC,2019-08-01 18:39:56 UTC,,
116,FDB018349,285,2019-08-01 18:39:56 UTC,2019-08-01 18:39:56 UTC,,
117,FDB004679,19139,2019-08-01 18:39:56 UTC,2019-08-01 18:39:56 UTC,,
118,FDB020357,19139,2019-08-01 18:39:56 UTC,2019-08-01 18:39:56 UTC,,
119,FDB031145,12163,2019-08-01 18:39:56 UTC,2019-08-01 18:39:56 UTC,,
120,FDB006287,6563,2019-08-01 18:39:56 UTC,2019-08-01 18:39:56 UTC,,
121,FDB030981,6563,2019-08-01 18:39:56 UTC,2019-08-01 18:39:56 UTC,,
122,FDB014163,18210,2019-08-01 18:39:56 UTC,2019-08-01 18:39:56 UTC,,
123,FDB002494,18210,2019-08-01 18:39:56 UTC,2019-08-01 18:39:56 UTC,,
124,FDB001896,7713,2019-08-01 18:39:57 UTC,2019-08-01 18:39:57 UTC,,
125,FDB018647,7713,2019-08-01 18:39:57 UTC,2019-08-01 18:39:57 UTC,,
126,FDB030848,17469,2019-08-01 18:39:57 UTC,2019-08-01 18:39:57 UTC,,
127,FDB014069,17469,2019-08-01 18:39:57 UTC,2019-08-01 18:39:57 UTC,,
128,FDB030849,15704,2019-08-01 18:39:57 UTC,2019-08-01 18:39:57 UTC,,
129,FDB015664,15704,2019-08-01 18:39:57 UTC,2019-08-01 18:39:57 UTC,,
130,FDB002927,4029,2019-08-01 18:39:57 UTC,2019-08-01 18:39:57 UTC,,
131,FDB030681,4029,2019-08-01 18:39:57 UTC,2019-08-01 18:39:57 UTC,,
132,FDB006457,5218,2019-08-01 18:39:58 UTC,2019-08-01 18:39:58 UTC,,
133,FDB004733,5218,2019-08-01 18:39:58 UTC,2019-08-01 18:39:58 UTC,,
134,FDB012820,31395,2019-08-01 18:40:02 UTC,2019-08-01 18:40:02 UTC,,
135,FDB012821,31395,2019-08-01 18:40:02 UTC,2019-08-01 18:40:02 UTC,,
136,FDB019041,19047,2019-08-01 18:40:07 UTC,2019-08-01 18:40:07 UTC,,
137,FDB019042,19047,2019-08-01 18:40:07 UTC,2019-08-01 18:40:07 UTC,,
138,FDB031179,12365,2019-08-01 18:40:07 UTC,2019-08-01 18:40:07 UTC,,
139,FDB006298,12365,2019-08-01 18:40:07 UTC,2019-08-01 18:40:07 UTC,,
140,FDB030895,7245,2019-08-01 18:40:07 UTC,2019-08-01 18:40:07 UTC,,
141,FDB001478,7245,2019-08-01 18:40:07 UTC,2019-08-01 18:40:07 UTC,,
142,FDB003592,10703,2019-08-01 18:40:07 UTC,2019-08-01 18:40:07 UTC,,
143,FDB003647,10703,2019-08-01 18:40:07 UTC,2019-08-01 18:40:07 UTC,,
144,FDB013241,13243,2019-08-01 18:40:07 UTC,2019-08-01 18:40:07 UTC,,
145,FDB015583,31422,2019-08-01 18:40:08 UTC,2019-08-01 18:40:08 UTC,,
146,FDB015585,31422,2019-08-01 18:40:08 UTC,2019-08-01 18:40:08 UTC,,
147,FDB013588,13785,2019-08-01 18:40:10 UTC,2019-08-01 18:40:10 UTC,,
148,FDB008871,10866,2019-08-01 18:40:11 UTC,2019-08-01 18:40:11 UTC,,
149,FDB008872,10866,2019-08-01 18:40:11 UTC,2019-08-01 18:40:11 UTC,,
150,FDB014695,21785,2019-08-01 18:40:11 UTC,2019-08-01 18:40:11 UTC,,
151,FDB013519,21785,2019-08-01 18:40:11 UTC,2019-08-01 18:40:11 UTC,,
152,FDB016422,1237,2019-08-01 18:40:15 UTC,2019-08-01 18:40:15 UTC,,
153,FDB003467,1237,2019-08-01 18:40:15 UTC,2019-08-01 18:40:15 UTC,,
154,FDB018771,11357,2019-08-01 18:40:20 UTC,2019-08-01 18:40:20 UTC,,
155,FDB018779,1238,2019-08-01 18:40:22 UTC,2019-08-01 18:40:22 UTC,,
156,FDB020971,1238,2019-08-01 18:40:23 UTC,2019-08-01 18:40:23 UTC,,
157,FDB020837,11463,2019-08-01 18:40:27 UTC,2019-08-01 18:40:27 UTC,,
158,FDB008812,2304,2019-08-01 18:40:27 UTC,2019-08-01 18:40:27 UTC,,
159,FDB019550,11464,2019-08-01 18:40:27 UTC,2019-08-01 18:40:27 UTC,,
160,FDB008418,11464,2019-08-01 18:40:27 UTC,2019-08-01 18:40:27 UTC,,
161,FDB002383,20471,2019-08-01 18:40:28 UTC,2019-08-01 18:40:28 UTC,,
162,FDB019422,20471,2019-08-01 18:40:28 UTC,2019-08-01 18:40:28 UTC,,
163,FDB030942,3275,2019-08-01 18:40:28 UTC,2019-08-01 18:40:28 UTC,,
164,FDB004319,3275,2019-08-01 18:40:28 UTC,2019-08-01 18:40:28 UTC,,
165,FDB030170,1044,2019-08-01 18:40:28 UTC,2019-08-01 18:40:28 UTC,,
166,FDB003643,15229,2019-08-01 18:40:28 UTC,2019-08-01 18:40:28 UTC,,
167,FDB003644,15229,2019-08-01 18:40:28 UTC,2019-08-01 18:40:28 UTC,,
168,FDB004697,8128,2019-08-01 18:40:29 UTC,2019-08-01 18:40:29 UTC,,
169,FDB008129,8128,2019-08-01 18:40:29 UTC,2019-08-01 18:40:29 UTC,,
170,FDB018739,3231,2019-08-01 18:40:29 UTC,2019-08-01 18:40:29 UTC,,
171,FDB003810,3231,2019-08-01 18:40:29 UTC,2019-08-01 18:40:29 UTC,,
172,FDB003194,3194,2019-08-01 18:40:30 UTC,2019-08-01 18:40:30 UTC,,
173,FDB019427,3194,2019-08-01 18:40:30 UTC,2019-08-01 18:40:30 UTC,,
174,FDB009398,8123,2019-08-01 18:40:30 UTC,2019-08-01 18:40:30 UTC,,
175,FDB003796,3807,2019-08-01 18:40:30 UTC,2019-08-01 18:40:30 UTC,,
176,FDB012754,3807,2019-08-01 18:40:30 UTC,2019-08-01 18:40:30 UTC,,
177,FDB004103,5409,2019-08-01 18:40:31 UTC,2019-08-01 18:40:31 UTC,,
178,FDB002246,5409,2019-08-01 18:40:31 UTC,2019-08-01 18:40:31 UTC,,
179,FDB020873,20880,2019-08-01 18:40:31 UTC,2019-08-01 18:40:31 UTC,,
180,FDB030357,3362,2019-08-01 18:40:32 UTC,2019-08-01 18:40:32 UTC,,
181,FDB007242,3362,2019-08-01 18:40:32 UTC,2019-08-01 18:40:32 UTC,,
182,FDB030581,14509,2019-08-01 18:40:32 UTC,2019-08-01 18:40:32 UTC,,
183,FDB021057,1119,2019-08-01 18:40:32 UTC,2019-08-01 18:40:32 UTC,,
184,FDB006386,1119,2019-08-01 18:40:32 UTC,2019-08-01 18:40:32 UTC,,
185,FDB017943,21353,2019-08-01 18:40:32 UTC,2019-08-01 18:40:32 UTC,,
186,FDB021345,21353,2019-08-01 18:40:32 UTC,2019-08-01 18:40:32 UTC,,
187,FDB004955,31227,2019-08-01 18:40:32 UTC,2019-08-01 18:40:32 UTC,,
188,FDB023094,31227,2019-08-01 18:40:32 UTC,2019-08-01 18:40:32 UTC,,
189,FDB030962,12538,2019-08-01 18:40:32 UTC,2019-08-01 18:40:32 UTC,,
190,FDB027869,8087,2019-08-01 18:40:33 UTC,2019-08-01 18:40:33 UTC,,
191,FDB008075,17647,2019-08-01 18:40:33 UTC,2019-08-01 18:40:33 UTC,,
192,FDB008076,17647,2019-08-01 18:40:33 UTC,2019-08-01 18:40:33 UTC,,
193,FDB003537,12193,2019-08-01 18:40:33 UTC,2019-08-01 18:40:33 UTC,,
194,FDB003562,12193,2019-08-01 18:40:33 UTC,2019-08-01 18:40:33 UTC,,
195,FDB007912,3753,2019-08-01 18:40:33 UTC,2019-08-01 18:40:33 UTC,,
196,FDB007929,3753,2019-08-01 18:40:33 UTC,2019-08-01 18:40:33 UTC,,
197,FDB009847,967,2019-08-01 18:40:34 UTC,2019-08-01 18:40:34 UTC,,
198,FDB021667,11494,2019-08-01 18:40:36 UTC,2019-08-01 18:40:36 UTC,,
199,FDB011779,8174,2019-08-01 18:40:37 UTC,2019-08-01 18:40:37 UTC,,
200,FDB003781,1014,2019-08-01 18:40:37 UTC,2019-08-01 18:40:37 UTC,,
201,FDB031056,1014,2019-08-01 18:40:37 UTC,2019-08-01 18:40:37 UTC,,
202,FDB030715,1512,2019-08-01 18:40:37 UTC,2019-08-01 18:40:37 UTC,,
203,FDB007351,1512,2019-08-01 18:40:37 UTC,2019-08-01 18:40:37 UTC,,
204,FDB030960,11910,2019-08-01 18:40:37 UTC,2019-08-01 18:40:37 UTC,,
205,FDB021459,11910,2019-08-01 18:40:37 UTC,2019-08-01 18:40:37 UTC,,
206,FDB020959,20968,2019-08-01 18:40:39 UTC,2019-08-01 18:40:39 UTC,,
207,FDB020961,20968,2019-08-01 18:40:39 UTC,2019-08-01 18:40:39 UTC,,
208,FDB016174,16142,2019-08-01 18:40:39 UTC,2019-08-01 18:40:39 UTC,,
209,FDB019879,16142,2019-08-01 18:40:39 UTC,2019-08-01 18:40:39 UTC,,
210,FDB006037,8061,2019-08-01 18:40:39 UTC,2019-08-01 18:40:39 UTC,,
211,FDB008149,11773,2019-08-01 18:40:40 UTC,2019-08-01 18:40:40 UTC,,
212,FDB017470,12107,2019-08-01 18:40:40 UTC,2019-08-01 18:40:40 UTC,,
213,FDB012157,12107,2019-08-01 18:40:40 UTC,2019-08-01 18:40:40 UTC,,
214,FDB017471,8057,2019-08-01 18:40:40 UTC,2019-08-01 18:40:40 UTC,,
215,FDB008057,8057,2019-08-01 18:40:40 UTC,2019-08-01 18:40:40 UTC,,
216,FDB000918,10216,2019-08-01 18:40:41 UTC,2019-08-01 18:40:41 UTC,,
217,FDB016851,10216,2019-08-01 18:40:41 UTC,2019-08-01 18:40:41 UTC,,
218,FDB010562,10563,2019-08-01 18:40:41 UTC,2019-08-01 18:40:41 UTC,,
219,FDB006076,10563,2019-08-01 18:40:41 UTC,2019-08-01 18:40:41 UTC,,
220,FDB004977,4926,2019-08-01 18:40:42 UTC,2019-08-01 18:40:42 UTC,,
221,FDB014708,4926,2019-08-01 18:40:42 UTC,2019-08-01 18:40:42 UTC,,
222,FDB029757,19940,2019-08-01 18:40:42 UTC,2019-08-01 18:40:42 UTC,,
223,FDB008218,1328,2019-08-01 18:40:42 UTC,2019-08-01 18:40:42 UTC,,
224,FDB006235,3337,2019-08-01 18:40:43 UTC,2019-08-01 18:40:43 UTC,,
225,FDB004445,3337,2019-08-01 18:40:43 UTC,2019-08-01 18:40:43 UTC,,
226,FDB001909,3344,2019-08-01 18:40:43 UTC,2019-08-01 18:40:43 UTC,,
227,FDB018971,3256,2019-08-01 18:40:43 UTC,2019-08-01 18:40:43 UTC,,
228,FDB003256,3256,2019-08-01 18:40:43 UTC,2019-08-01 18:40:43 UTC,,
229,FDB030495,22685,2019-08-01 18:40:44 UTC,2019-08-01 18:40:44 UTC,,
230,FDB022817,22685,2019-08-01 18:40:44 UTC,2019-08-01 18:40:44 UTC,,
231,FDB012756,12758,2019-08-01 18:40:44 UTC,2019-08-01 18:40:44 UTC,,
232,FDB017616,12758,2019-08-01 18:40:44 UTC,2019-08-01 18:40:44 UTC,,
233,FDB005662,31411,2019-08-01 18:40:44 UTC,2019-08-01 18:40:44 UTC,,
234,FDB007508,31411,2019-08-01 18:40:44 UTC,2019-08-01 18:40:44 UTC,,
235,FDB014728,14730,2019-08-01 18:40:44 UTC,2019-08-01 18:40:44 UTC,,
236,FDB018970,12041,2019-08-01 18:40:45 UTC,2019-08-01 18:40:45 UTC,,
237,FDB011954,12041,2019-08-01 18:40:45 UTC,2019-08-01 18:40:45 UTC,,
238,FDB021469,4253,2019-08-01 18:40:45 UTC,2019-08-01 18:40:45 UTC,,
239,FDB031158,31073,2019-08-01 18:40:45 UTC,2019-08-01 18:40:45 UTC,,
240,FDB009599,31073,2019-08-01 18:40:45 UTC,2019-08-01 18:40:45 UTC,,
241,FDB030919,937,2019-08-01 18:40:46 UTC,2019-08-01 18:40:46 UTC,,
242,FDB006477,11189,2019-08-01 18:40:46 UTC,2019-08-01 18:40:46 UTC,,
243,FDB011997,4884,2019-08-01 18:40:46 UTC,2019-08-01 18:40:46 UTC,,
244,FDB018357,18362,2019-08-01 18:40:46 UTC,2019-08-01 18:40:46 UTC,,
245,FDB030938,10975,2019-08-01 18:40:46 UTC,2019-08-01 18:40:46 UTC,,
246,FDB022555,31174,2019-08-01 18:40:46 UTC,2019-08-01 18:40:46 UTC,,
247,FDB001497,30926,2019-08-01 18:40:46 UTC,2019-08-01 18:40:46 UTC,,
248,FDB022549,30927,2019-08-01 18:40:46 UTC,2019-08-01 18:40:46 UTC,,
249,FDB029782,6642,2019-08-01 18:40:46 UTC,2019-08-01 18:40:46 UTC,,
250,FDB011416,11415,2019-08-01 18:40:46 UTC,2019-08-01 18:40:46 UTC,,
251,FDB008254,8254,2019-08-01 18:40:46 UTC,2019-08-01 18:40:46 UTC,,
252,FDB016198,16177,2019-08-01 18:40:46 UTC,2019-08-01 18:40:46 UTC,,
253,FDB009014,21449,2019-08-01 18:40:46 UTC,2019-08-01 18:40:46 UTC,,
254,FDB014673,14448,2019-08-01 18:40:46 UTC,2019-08-01 18:40:46 UTC,,
255,FDB000360,21210,2019-08-01 18:40:46 UTC,2019-08-01 18:40:46 UTC,,
256,FDB030916,22064,2019-08-01 18:40:46 UTC,2019-08-01 18:40:46 UTC,,
257,FDB022687,31417,2019-08-01 18:40:46 UTC,2019-08-01 18:40:46 UTC,,
258,FDB030652,22525,2019-08-01 18:40:47 UTC,2019-08-01 18:40:47 UTC,,
259,FDB030651,23477,2019-08-01 18:40:47 UTC,2019-08-01 18:40:47 UTC,,
260,FDB018377,4761,2019-08-01 18:40:47 UTC,2019-08-01 18:40:47 UTC,,
261,FDB008249,8251,2019-08-01 18:40:47 UTC,2019-08-01 18:40:47 UTC,,
262,FDB013686,14967,2019-08-01 18:40:47 UTC,2019-08-01 18:40:47 UTC,,
263,FDB022499,31003,2019-08-01 18:40:47 UTC,2019-08-01 18:40:47 UTC,,
264,FDB022622,31276,2019-08-01 18:40:47 UTC,2019-08-01 18:40:47 UTC,,
265,FDB021887,30813,2019-08-01 18:40:47 UTC,2019-08-01 18:40:47 UTC,,
266,FDB022487,31038,2019-08-01 18:40:47 UTC,2019-08-01 18:40:47 UTC,,
267,FDB009953,1465,2019-08-01 18:40:47 UTC,2019-08-01 18:40:47 UTC,,
268,FDB014366,4844,2019-08-01 18:40:47 UTC,2019-08-01 18:40:47 UTC,,
269,FDB006638,14327,2019-08-01 18:40:47 UTC,2019-08-01 18:40:47 UTC,,
270,FDB014334,14334,2019-08-01 18:40:47 UTC,2019-08-01 18:40:47 UTC,,
271,FDB006634,11215,2019-08-01 18:40:47 UTC,2019-08-01 18:40:47 UTC,,
272,FDB014629,3866,2019-08-01 18:40:47 UTC,2019-08-01 18:40:47 UTC,,
273,FDB007967,15973,2019-08-01 18:40:48 UTC,2019-08-01 18:40:48 UTC,,
274,FDB030898,22690,2019-08-01 18:40:48 UTC,2019-08-01 18:40:48 UTC,,
275,FDB021717,13904,2019-08-01 18:40:48 UTC,2019-08-01 18:40:48 UTC,,
276,FDB003817,4803,2019-08-01 18:40:48 UTC,2019-08-01 18:40:48 UTC,,
277,FDB006597,13254,2019-08-01 18:40:48 UTC,2019-08-01 18:40:48 UTC,,
278,FDB029739,13576,2019-08-01 18:40:48 UTC,2019-08-01 18:40:48 UTC,,
279,FDB014299,14301,2019-08-01 18:40:48 UTC,2019-08-01 18:40:48 UTC,,
280,FDB006593,16329,2019-08-01 18:40:48 UTC,2019-08-01 18:40:48 UTC,,
281,FDB014866,14868,2019-08-01 18:40:48 UTC,2019-08-01 18:40:48 UTC,,
282,FDB017944,20089,2019-08-01 18:40:48 UTC,2019-08-01 18:40:48 UTC,,
283,FDB015985,16328,2019-08-01 18:40:48 UTC,2019-08-01 18:40:48 UTC,,
284,FDB013616,6122,2019-08-01 18:40:48 UTC,2019-08-01 18:40:48 UTC,,
285,FDB013721,13705,2019-08-01 18:40:49 UTC,2019-08-01 18:40:49 UTC,,
286,FDB029685,9068,2019-08-01 18:40:49 UTC,2019-08-01 18:40:49 UTC,,
287,FDB021777,20439,2019-08-01 18:40:49 UTC,2019-08-01 18:40:49 UTC,,
288,FDB012861,12863,2019-08-01 18:40:49 UTC,2019-08-01 18:40:49 UTC,,
289,FDB009879,18661,2019-08-01 18:40:49 UTC,2019-08-01 18:40:49 UTC,,
290,FDB014595,14597,2019-08-01 18:40:49 UTC,2019-08-01 18:40:49 UTC,,
291,FDB016199,16178,2019-08-01 18:40:49 UTC,2019-08-01 18:40:49 UTC,,
292,FDB014944,22014,2019-08-01 18:40:49 UTC,2019-08-01 18:40:49 UTC,,
293,FDB021852,6018,2019-08-01 18:40:49 UTC,2019-08-01 18:40:49 UTC,,
294,FDB016966,811,2019-08-01 18:40:50 UTC,2019-08-01 18:40:50 UTC,,
295,FDB018549,18557,2019-08-01 18:40:50 UTC,2019-08-01 18:40:50 UTC,,
296,FDB013687,13572,2019-08-01 18:40:50 UTC,2019-08-01 18:40:50 UTC,,
297,FDB022565,31004,2019-08-01 18:40:50 UTC,2019-08-01 18:40:50 UTC,,
298,FDB003866,1498,2019-08-01 18:40:50 UTC,2019-08-01 18:40:50 UTC,,
299,FDB011566,11568,2019-08-01 18:40:50 UTC,2019-08-01 18:40:50 UTC,,
300,FDB011562,11563,2019-08-01 18:40:50 UTC,2019-08-01 18:40:50 UTC,,
301,FDB011559,11564,2019-08-01 18:40:50 UTC,2019-08-01 18:40:50 UTC,,
302,FDB018007,18013,2019-08-01 18:40:50 UTC,2019-08-01 18:40:50 UTC,,
303,FDB015052,15054,2019-08-01 18:40:50 UTC,2019-08-01 18:40:50 UTC,,
304,FDB003485,20384,2019-08-01 18:40:50 UTC,2019-08-01 18:40:50 UTC,,
305,FDB014589,3931,2019-08-01 18:40:51 UTC,2019-08-01 18:40:51 UTC,,
306,FDB006185,14644,2019-08-01 18:40:51 UTC,2019-08-01 18:40:51 UTC,,
307,FDB003877,6340,2019-08-01 18:40:51 UTC,2019-08-01 18:40:51 UTC,,
308,FDB014899,19639,2019-08-01 18:40:51 UTC,2019-08-01 18:40:51 UTC,,
309,FDB005386,5386,2019-08-01 18:40:52 UTC,2019-08-01 18:40:52 UTC,,
310,FDB015969,17242,2019-08-01 18:40:52 UTC,2019-08-01 18:40:52 UTC,,
311,FDB019943,14620,2019-08-01 18:40:53 UTC,2019-08-01 18:40:53 UTC,,
312,FDB029694,7783,2019-08-01 18:40:53 UTC,2019-08-01 18:40:53 UTC,,
313,FDB004496,11410,2019-08-01 18:40:54 UTC,2019-08-01 18:40:54 UTC,,
314,FDB005555,4506,2019-08-01 18:40:54 UTC,2019-08-01 18:40:54 UTC,,
315,FDB004696,7731,2019-08-01 18:40:54 UTC,2019-08-01 18:40:54 UTC,,
316,FDB004694,7526,2019-08-01 18:40:54 UTC,2019-08-01 18:40:54 UTC,,
317,FDB004349,4414,2019-08-01 18:40:54 UTC,2019-08-01 18:40:54 UTC,,
318,FDB006695,20542,2019-08-01 18:40:54 UTC,2019-08-01 18:40:54 UTC,,
319,FDB015964,6662,2019-08-01 18:40:54 UTC,2019-08-01 18:40:54 UTC,,
320,FDB009777,3971,2019-08-01 18:40:54 UTC,2019-08-01 18:40:54 UTC,,
321,FDB021528,21534,2019-08-01 18:40:54 UTC,2019-08-01 18:40:54 UTC,,
322,FDB021304,11002,2019-08-01 18:40:54 UTC,2019-08-01 18:40:54 UTC,,
323,FDB003484,4315,2019-08-01 18:40:54 UTC,2019-08-01 18:40:54 UTC,,
324,FDB019511,19517,2019-08-01 18:40:54 UTC,2019-08-01 18:40:54 UTC,,
325,FDB030804,12030,2019-08-01 18:40:55 UTC,2019-08-01 18:40:55 UTC,,
326,FDB013415,13426,2019-08-01 18:40:55 UTC,2019-08-01 18:40:55 UTC,,
327,FDB018758,14988,2019-08-01 18:40:55 UTC,2019-08-01 18:40:55 UTC,,
328,FDB007522,21123,2019-08-01 18:40:55 UTC,2019-08-01 18:40:55 UTC,,
329,FDB019932,8409,2019-08-01 18:40:55 UTC,2019-08-01 18:40:55 UTC,,
330,FDB004693,17432,2019-08-01 18:40:55 UTC,2019-08-01 18:40:55 UTC,,
331,FDB013338,13339,2019-08-01 18:40:55 UTC,2019-08-01 18:40:55 UTC,,
332,FDB004097,12354,2019-08-01 18:40:55 UTC,2019-08-01 18:40:55 UTC,,
333,FDB013906,14364,2019-08-01 18:40:55 UTC,2019-08-01 18:40:55 UTC,,
334,FDB014088,14096,2019-08-01 18:40:55 UTC,2019-08-01 18:40:55 UTC,,
335,FDB001394,1344,2019-08-01 18:40:55 UTC,2019-08-01 18:40:55 UTC,,
336,FDB005817,340,2019-08-01 18:40:56 UTC,2019-08-01 18:40:56 UTC,,
337,FDB030921,1365,2019-08-01 18:40:56 UTC,2019-08-01 18:40:56 UTC,,
338,FDB003055,3055,2019-08-01 18:40:56 UTC,2019-08-01 18:40:56 UTC,,
339,FDB030918,13953,2019-08-01 18:40:56 UTC,2019-08-01 18:40:56 UTC,,
340,FDB020827,4337,2019-08-01 18:40:56 UTC,2019-08-01 18:40:56 UTC,,
341,FDB023299,30736,2019-08-01 18:40:56 UTC,2019-08-01 18:40:56 UTC,,
342,FDB030574,1403,2019-08-01 18:40:56 UTC,2019-08-01 18:40:56 UTC,,
343,FDB014778,11348,2019-08-01 18:40:56 UTC,2019-08-01 18:40:56 UTC,,
344,FDB010839,20195,2019-08-01 18:40:56 UTC,2019-08-01 18:40:56 UTC,,
345,FDB021680,21012,2019-08-01 18:40:56 UTC,2019-08-01 18:40:56 UTC,,
346,FDB030998,936,2019-08-01 18:40:56 UTC,2019-08-01 18:40:56 UTC,,
347,FDB013854,13856,2019-08-01 18:40:56 UTC,2019-08-01 18:40:56 UTC,,
348,FDB008183,8183,2019-08-01 18:40:56 UTC,2019-08-01 18:40:56 UTC,,
349,FDB004886,889,2019-08-01 18:40:56 UTC,2019-08-01 18:40:56 UTC,,
350,FDB009407,8262,2019-08-01 18:40:56 UTC,2019-08-01 18:40:56 UTC,,
351,FDB007973,17897,2019-08-01 18:40:56 UTC,2019-08-01 18:40:56 UTC,,
352,FDB010557,31337,2019-08-01 18:40:57 UTC,2019-08-01 18:40:57 UTC,,
353,FDB030199,22444,2019-08-01 18:40:57 UTC,2019-08-01 18:40:57 UTC,,
354,FDB009856,16182,2019-08-01 18:40:57 UTC,2019-08-01 18:40:57 UTC,,
355,FDB019474,19460,2019-08-01 18:40:57 UTC,2019-08-01 18:40:57 UTC,,
356,FDB011632,11634,2019-08-01 18:40:57 UTC,2019-08-01 18:40:57 UTC,,
357,FDB029281,31341,2019-08-01 18:40:57 UTC,2019-08-01 18:40:57 UTC,,
358,FDB022465,31319,2019-08-01 18:40:57 UTC,2019-08-01 18:40:57 UTC,,
359,FDB011765,11767,2019-08-01 18:40:57 UTC,2019-08-01 18:40:57 UTC,,
360,FDB008264,8264,2019-08-01 18:40:57 UTC,2019-08-01 18:40:57 UTC,,
361,FDB013899,13903,2019-08-01 18:40:57 UTC,2019-08-01 18:40:57 UTC,,
362,FDB019983,10077,2019-08-01 18:40:57 UTC,2019-08-01 18:40:57 UTC,,
363,FDB003264,3264,2019-08-01 18:40:57 UTC,2019-08-01 18:40:57 UTC,,
364,FDB003743,20341,2019-08-01 18:40:57 UTC,2019-08-01 18:40:57 UTC,,
365,FDB001292,1291,2019-08-01 18:40:57 UTC,2019-08-01 18:40:57 UTC,,
366,FDB003426,5181,2019-08-01 18:40:57 UTC,2019-08-01 18:40:57 UTC,,
367,FDB013793,20009,2019-08-01 18:40:57 UTC,2019-08-01 18:40:57 UTC,,
368,FDB017537,17548,2019-08-01 18:40:58 UTC,2019-08-01 18:40:58 UTC,,
369,FDB017205,10603,2019-08-01 18:40:58 UTC,2019-08-01 18:40:58 UTC,,
370,FDB004795,6017,2019-08-01 18:40:58 UTC,2019-08-01 18:40:58 UTC,,
371,FDB000481,480,2019-08-01 18:40:58 UTC,2019-08-01 18:40:58 UTC,,
372,FDB017847,12052,2019-08-01 18:40:58 UTC,2019-08-01 18:40:58 UTC,,
373,FDB010673,10837,2019-08-01 18:40:59 UTC,2019-08-01 18:40:59 UTC,,
374,FDB007877,3618,2019-08-01 18:40:59 UTC,2019-08-01 18:40:59 UTC,,
375,FDB005185,3140,2019-08-01 18:40:59 UTC,2019-08-01 18:40:59 UTC,,
376,FDB029699,14098,2019-08-01 18:40:59 UTC,2019-08-01 18:40:59 UTC,,
377,FDB015774,15730,2019-08-01 18:40:59 UTC,2019-08-01 18:40:59 UTC,,
378,FDB014991,15049,2019-08-01 18:40:59 UTC,2019-08-01 18:40:59 UTC,,
379,FDB009554,16739,2019-08-01 18:40:59 UTC,2019-08-01 18:40:59 UTC,,
380,FDB013424,13425,2019-08-01 18:40:59 UTC,2019-08-01 18:40:59 UTC,,
381,FDB009944,16753,2019-08-01 18:40:59 UTC,2019-08-01 18:40:59 UTC,,
382,FDB004982,5364,2019-08-01 18:40:59 UTC,2019-08-01 18:40:59 UTC,,
383,FDB013842,21491,2019-08-01 18:40:59 UTC,2019-08-01 18:40:59 UTC,,
384,FDB008728,8728,2019-08-01 18:40:59 UTC,2019-08-01 18:40:59 UTC,,
385,FDB021094,21101,2019-08-01 18:40:59 UTC,2019-08-01 18:40:59 UTC,,
386,FDB022505,31184,2019-08-01 18:41:00 UTC,2019-08-01 18:41:00 UTC,,
387,FDB020640,21521,2019-08-01 18:41:00 UTC,2019-08-01 18:41:00 UTC,,
388,FDB008773,11865,2019-08-01 18:41:00 UTC,2019-08-01 18:41:00 UTC,,
389,FDB008666,8666,2019-08-01 18:41:00 UTC,2019-08-01 18:41:00 UTC,,
390,FDB029357,12954,2019-08-01 18:41:00 UTC,2019-08-01 18:41:00 UTC,,
391,FDB008251,10073,2019-08-01 18:41:00 UTC,2019-08-01 18:41:00 UTC,,
392,FDB015671,7083,2019-08-01 18:41:00 UTC,2019-08-01 18:41:00 UTC,,
393,FDB006369,14134,2019-08-01 18:41:00 UTC,2019-08-01 18:41:00 UTC,,
394,FDB002598,20108,2019-08-01 18:41:00 UTC,2019-08-01 18:41:00 UTC,,
395,FDB008425,6416,2019-08-01 18:41:00 UTC,2019-08-01 18:41:00 UTC,,
396,FDB008185,8185,2019-08-01 18:41:00 UTC,2019-08-01 18:41:00 UTC,,
397,FDB008398,8398,2019-08-01 18:41:00 UTC,2019-08-01 18:41:00 UTC,,
398,FDB008554,8522,2019-08-01 18:41:00 UTC,2019-08-01 18:41:00 UTC,,
399,FDB015599,13764,2019-08-01 18:41:00 UTC,2019-08-01 18:41:00 UTC,,
400,FDB017621,3923,2019-08-01 18:41:00 UTC,2019-08-01 18:41:00 UTC,,
401,FDB015998,16003,2019-08-01 18:41:00 UTC,2019-08-01 18:41:00 UTC,,
402,FDB030077,30233,2019-08-01 18:41:00 UTC,2019-08-01 18:41:00 UTC,,
403,FDB003989,3991,2019-08-01 18:41:00 UTC,2019-08-01 18:41:00 UTC,,
404,FDB012668,11624,2019-08-01 18:41:01 UTC,2019-08-01 18:41:01 UTC,,
405,FDB017333,17339,2019-08-01 18:41:01 UTC,2019-08-01 18:41:01 UTC,,
406,FDB011607,10403,2019-08-01 18:41:01 UTC,2019-08-01 18:41:01 UTC,,
407,FDB019216,19222,2019-08-01 18:41:01 UTC,2019-08-01 18:41:01 UTC,,
408,FDB013794,14949,2019-08-01 18:41:01 UTC,2019-08-01 18:41:01 UTC,,
409,FDB016433,3025,2019-08-01 18:41:01 UTC,2019-08-01 18:41:01 UTC,,
410,FDB015514,15517,2019-08-01 18:41:01 UTC,2019-08-01 18:41:01 UTC,,
411,FDB017578,4501,2019-08-01 18:41:01 UTC,2019-08-01 18:41:01 UTC,,
412,FDB005840,12448,2019-08-01 18:41:01 UTC,2019-08-01 18:41:01 UTC,,
413,FDB014897,9067,2019-08-01 18:41:01 UTC,2019-08-01 18:41:01 UTC,,
414,FDB000469,11267,2019-08-01 18:41:01 UTC,2019-08-01 18:41:01 UTC,,
415,FDB016346,515,2019-08-01 18:41:02 UTC,2019-08-01 18:41:02 UTC,,
416,FDB006541,22486,2019-08-01 18:41:02 UTC,2019-08-01 18:41:02 UTC,,
417,FDB031046,22234,2019-08-01 18:41:02 UTC,2019-08-01 18:41:02 UTC,,
418,FDB003014,3014,2019-08-01 18:41:02 UTC,2019-08-01 18:41:02 UTC,,
419,FDB018458,21930,2019-08-01 18:41:02 UTC,2019-08-01 18:41:02 UTC,,
420,FDB016974,9412,2019-08-01 18:41:02 UTC,2019-08-01 18:41:02 UTC,,
421,FDB006358,6338,2019-08-01 18:41:02 UTC,2019-08-01 18:41:02 UTC,,
422,FDB019535,21463,2019-08-01 18:41:02 UTC,2019-08-01 18:41:02 UTC,,
423,FDB005191,12140,2019-08-01 18:41:02 UTC,2019-08-01 18:41:02 UTC,,
424,FDB008402,8402,2019-08-01 18:41:02 UTC,2019-08-01 18:41:02 UTC,,
425,FDB003189,1164,2019-08-01 18:41:02 UTC,2019-08-01 18:41:02 UTC,,
426,FDB030978,3011,2019-08-01 18:41:03 UTC,2019-08-01 18:41:03 UTC,,
427,FDB009965,9557,2019-08-01 18:41:03 UTC,2019-08-01 18:41:03 UTC,,
428,FDB016907,18434,2019-08-01 18:41:03 UTC,2019-08-01 18:41:03 UTC,,
429,FDB016595,16620,2019-08-01 18:41:03 UTC,2019-08-01 18:41:03 UTC,,
430,FDB018610,4174,2019-08-01 18:41:03 UTC,2019-08-01 18:41:03 UTC,,
431,FDB006436,714,2019-08-01 18:41:03 UTC,2019-08-01 18:41:03 UTC,,
432,FDB004089,4086,2019-08-01 18:41:03 UTC,2019-08-01 18:41:03 UTC,,
433,FDB002552,2551,2019-08-01 18:41:03 UTC,2019-08-01 18:41:03 UTC,,
434,FDB004084,4083,2019-08-01 18:41:03 UTC,2019-08-01 18:41:03 UTC,,
435,FDB018772,21430,2019-08-01 18:41:03 UTC,2019-08-01 18:41:03 UTC,,
436,FDB010623,10613,2019-08-01 18:41:03 UTC,2019-08-01 18:41:03 UTC,,
437,FDB020868,20873,2019-08-01 18:41:03 UTC,2019-08-01 18:41:03 UTC,,
438,FDB012297,18918,2019-08-01 18:41:04 UTC,2019-08-01 18:41:04 UTC,,
439,FDB011698,11724,2019-08-01 18:41:04 UTC,2019-08-01 18:41:04 UTC,,
440,FDB016904,19247,2019-08-01 18:41:04 UTC,2019-08-01 18:41:04 UTC,,
441,FDB000853,852,2019-08-01 18:41:04 UTC,2019-08-01 18:41:04 UTC,,
442,FDB030551,22414,2019-08-01 18:41:05 UTC,2019-08-01 18:41:05 UTC,,
443,FDB013822,13824,2019-08-01 18:41:05 UTC,2019-08-01 18:41:05 UTC,,
444,FDB013579,13581,2019-08-01 18:41:05 UTC,2019-08-01 18:41:05 UTC,,
445,FDB013554,13556,2019-08-01 18:41:06 UTC,2019-08-01 18:41:06 UTC,,
446,FDB013197,13199,2019-08-01 18:41:06 UTC,2019-08-01 18:41:06 UTC,,
447,FDB014399,14466,2019-08-01 18:41:06 UTC,2019-08-01 18:41:06 UTC,,
448,FDB013586,13588,2019-08-01 18:41:06 UTC,2019-08-01 18:41:06 UTC,,
449,FDB015794,15776,2019-08-01 18:41:06 UTC,2019-08-01 18:41:06 UTC,,
450,FDB031155,22568,2019-08-01 18:41:06 UTC,2019-08-01 18:41:06 UTC,,
451,FDB011492,1104,2019-08-01 18:41:06 UTC,2019-08-01 18:41:06 UTC,,
452,FDB018142,18148,2019-08-01 18:41:07 UTC,2019-08-01 18:41:07 UTC,,
453,FDB017552,18011,2019-08-01 18:41:07 UTC,2019-08-01 18:41:07 UTC,,
454,FDB019079,5567,2019-08-01 18:41:07 UTC,2019-08-01 18:41:07 UTC,,
455,FDB030768,21464,2019-08-01 18:41:07 UTC,2019-08-01 18:41:07 UTC,,
456,FDB017782,1625,2019-08-01 18:41:07 UTC,2019-08-01 18:41:07 UTC,,
457,FDB018616,4756,2019-08-01 18:41:07 UTC,2019-08-01 18:41:07 UTC,,
458,FDB030692,12847,2019-08-01 18:41:07 UTC,2019-08-01 18:41:07 UTC,,
459,FDB029957,30107,2019-08-01 18:41:08 UTC,2019-08-01 18:41:08 UTC,,
460,FDB022607,30784,2019-08-01 18:41:08 UTC,2019-08-01 18:41:08 UTC,,
461,FDB001518,5402,2019-08-01 18:41:08 UTC,2019-08-01 18:41:08 UTC,,
462,FDB002723,12607,2019-08-01 18:41:08 UTC,2019-08-01 18:41:08 UTC,,
463,FDB021026,21033,2019-08-01 18:41:08 UTC,2019-08-01 18:41:08 UTC,,
464,FDB012068,2903,2019-08-01 18:41:08 UTC,2019-08-01 18:41:08 UTC,,
465,FDB019624,20306,2019-08-01 18:41:08 UTC,2019-08-01 18:41:08 UTC,,
466,FDB002626,2625,2019-08-01 18:41:08 UTC,2019-08-01 18:41:08 UTC,,
467,FDB002694,2691,2019-08-01 18:41:09 UTC,2019-08-01 18:41:09 UTC,,
468,FDB022327,31313,2019-08-01 18:41:09 UTC,2019-08-01 18:41:09 UTC,,
469,FDB031246,31407,2019-08-01 18:41:09 UTC,2019-08-01 18:41:09 UTC,,
470,FDB008407,8407,2019-08-01 18:41:09 UTC,2019-08-01 18:41:09 UTC,,
471,FDB017261,10377,2019-08-01 18:41:09 UTC,2019-08-01 18:41:09 UTC,,
472,FDB017555,17561,2019-08-01 18:41:09 UTC,2019-08-01 18:41:09 UTC,,
473,FDB017553,18012,2019-08-01 18:41:09 UTC,2019-08-01 18:41:09 UTC,,
474,FDB030718,22771,2019-08-01 18:41:10 UTC,2019-08-01 18:41:10 UTC,,
475,FDB006482,12636,2019-08-01 18:41:10 UTC,2019-08-01 18:41:10 UTC,,
476,FDB002890,31172,2019-08-01 18:41:10 UTC,2019-08-01 18:41:10 UTC,,
477,FDB006850,2584,2019-08-01 18:41:10 UTC,2019-08-01 18:41:10 UTC,,
478,FDB002464,21855,2019-08-01 18:41:10 UTC,2019-08-01 18:41:10 UTC,,
479,FDB029975,29977,2019-08-01 18:41:10 UTC,2019-08-01 18:41:10 UTC,,
480,FDB007538,5457,2019-08-01 18:41:10 UTC,2019-08-01 18:41:10 UTC,,
481,FDB023752,30331,2019-08-01 18:41:10 UTC,2019-08-01 18:41:10 UTC,,
482,FDB017326,12308,2019-08-01 18:41:11 UTC,2019-08-01 18:41:11 UTC,,
483,FDB030076,12374,2019-08-01 18:41:11 UTC,2019-08-01 18:41:11 UTC,,
484,FDB012129,12131,2019-08-01 18:41:11 UTC,2019-08-01 18:41:11 UTC,,
485,FDB005027,5027,2019-08-01 18:41:11 UTC,2019-08-01 18:41:11 UTC,,
486,FDB029969,30026,2019-08-01 18:41:11 UTC,2019-08-01 18:41:11 UTC,,
487,FDB016266,16272,2019-08-01 18:41:11 UTC,2019-08-01 18:41:11 UTC,,
488,FDB002749,30238,2019-08-01 18:41:11 UTC,2019-08-01 18:41:11 UTC,,
489,FDB012154,31266,2019-08-01 18:41:11 UTC,2019-08-01 18:41:11 UTC,,
490,FDB002227,12023,2019-08-01 18:41:12 UTC,2019-08-01 18:41:12 UTC,,
491,FDB013441,2415,2019-08-01 18:41:12 UTC,2019-08-01 18:41:12 UTC,,
492,FDB016581,15557,2019-08-01 18:41:12 UTC,2019-08-01 18:41:12 UTC,,
493,FDB021730,2779,2019-08-01 18:41:12 UTC,2019-08-01 18:41:12 UTC,,
494,FDB020649,20656,2019-08-01 18:41:12 UTC,2019-08-01 18:41:12 UTC,,
495,FDB002576,17133,2019-08-01 18:41:12 UTC,2019-08-01 18:41:12 UTC,,
496,FDB021639,17712,2019-08-01 18:41:12 UTC,2019-08-01 18:41:12 UTC,,
497,FDB021840,4422,2019-08-01 18:41:12 UTC,2019-08-01 18:41:12 UTC,,
498,FDB002814,2813,2019-08-01 18:41:12 UTC,2019-08-01 18:41:12 UTC,,
499,FDB018529,18533,2019-08-01 18:41:12 UTC,2019-08-01 18:41:12 UTC,,
500,FDB015709,15714,2019-08-01 18:41:13 UTC,2019-08-01 18:41:13 UTC,,
501,FDB015008,15010,2019-08-01 18:41:13 UTC,2019-08-01 18:41:13 UTC,,
502,FDB020839,20846,2019-08-01 18:41:13 UTC,2019-08-01 18:41:13 UTC,,
503,FDB006569,14195,2019-08-01 18:41:13 UTC,2019-08-01 18:41:13 UTC,,
504,FDB017661,20526,2019-08-01 18:41:13 UTC,2019-08-01 18:41:13 UTC,,
505,FDB013872,15524,2019-08-01 18:41:13 UTC,2019-08-01 18:41:13 UTC,,
506,FDB002852,2851,2019-08-01 18:41:13 UTC,2019-08-01 18:41:13 UTC,,
507,FDB014566,14328,2019-08-01 18:41:13 UTC,2019-08-01 18:41:13 UTC,,
508,FDB019477,19469,2019-08-01 18:41:13 UTC,2019-08-01 18:41:13 UTC,,
509,FDB010860,2240,2019-08-01 18:41:13 UTC,2019-08-01 18:41:13 UTC,,
510,FDB016127,16133,2019-08-01 18:41:13 UTC,2019-08-01 18:41:13 UTC,,
511,FDB005923,5923,2019-08-01 18:41:13 UTC,2019-08-01 18:41:13 UTC,,
512,FDB022325,31403,2019-08-01 18:41:13 UTC,2019-08-01 18:41:13 UTC,,
513,FDB029353,6481,2019-08-01 18:41:13 UTC,2019-08-01 18:41:13 UTC,,
514,FDB030734,31379,2019-08-01 18:41:13 UTC,2019-08-01 18:41:13 UTC,,
515,FDB014570,14356,2019-08-01 18:41:13 UTC,2019-08-01 18:41:13 UTC,,
516,FDB014649,14653,2019-08-01 18:41:13 UTC,2019-08-01 18:41:13 UTC,,
517,FDB017911,15340,2019-08-01 18:41:14 UTC,2019-08-01 18:41:14 UTC,,
518,FDB011274,11276,2019-08-01 18:41:14 UTC,2019-08-01 18:41:14 UTC,,
519,FDB014857,14859,2019-08-01 18:41:14 UTC,2019-08-01 18:41:14 UTC,,
520,FDB015592,15595,2019-08-01 18:41:14 UTC,2019-08-01 18:41:14 UTC,,
521,FDB014354,21149,2019-08-01 18:41:14 UTC,2019-08-01 18:41:14 UTC,,
522,FDB001903,1902,2019-08-01 18:41:14 UTC,2019-08-01 18:41:14 UTC,,
523,FDB014838,13537,2019-08-01 18:41:14 UTC,2019-08-01 18:41:14 UTC,,
524,FDB013888,13935,2019-08-01 18:41:14 UTC,2019-08-01 18:41:14 UTC,,
525,FDB006377,15677,2019-08-01 18:41:14 UTC,2019-08-01 18:41:14 UTC,,
526,FDB015338,15341,2019-08-01 18:41:14 UTC,2019-08-01 18:41:14 UTC,,
527,FDB017442,16018,2019-08-01 18:41:14 UTC,2019-08-01 18:41:14 UTC,,
528,FDB017449,6097,2019-08-01 18:41:15 UTC,2019-08-01 18:41:15 UTC,,
529,FDB002549,21875,2019-08-01 18:41:15 UTC,2019-08-01 18:41:15 UTC,,
530,FDB015737,15740,2019-08-01 18:41:15 UTC,2019-08-01 18:41:15 UTC,,
531,FDB003928,3926,2019-08-01 18:41:15 UTC,2019-08-01 18:41:15 UTC,,
532,FDB014568,14570,2019-08-01 18:41:15 UTC,2019-08-01 18:41:15 UTC,,
533,FDB015241,15244,2019-08-01 18:41:16 UTC,2019-08-01 18:41:16 UTC,,
534,FDB014896,14897,2019-08-01 18:41:16 UTC,2019-08-01 18:41:16 UTC,,
535,FDB014966,15297,2019-08-01 18:41:16 UTC,2019-08-01 18:41:16 UTC,,
536,FDB003948,6369,2019-08-01 18:41:16 UTC,2019-08-01 18:41:16 UTC,,
537,FDB014489,13977,2019-08-01 18:41:16 UTC,2019-08-01 18:41:16 UTC,,
538,FDB014359,14363,2019-08-01 18:41:16 UTC,2019-08-01 18:41:16 UTC,,
539,FDB013638,14321,2019-08-01 18:41:16 UTC,2019-08-01 18:41:16 UTC,,
540,FDB010638,10639,2019-08-01 18:41:16 UTC,2019-08-01 18:41:16 UTC,,
541,FDB018912,13090,2019-08-01 18:41:16 UTC,2019-08-01 18:41:16 UTC,,
542,FDB016047,16053,2019-08-01 18:41:16 UTC,2019-08-01 18:41:16 UTC,,
543,FDB013977,14293,2019-08-01 18:41:17 UTC,2019-08-01 18:41:17 UTC,,
544,FDB016019,14319,2019-08-01 18:41:17 UTC,2019-08-01 18:41:17 UTC,,
545,FDB021566,21592,2019-08-01 18:41:17 UTC,2019-08-01 18:41:17 UTC,,
546,FDB013709,13586,2019-08-01 18:41:17 UTC,2019-08-01 18:41:17 UTC,,
547,FDB017347,16019,2019-08-01 18:41:17 UTC,2019-08-01 18:41:17 UTC,,
548,FDB015306,15309,2019-08-01 18:41:17 UTC,2019-08-01 18:41:17 UTC,,
549,FDB014379,6276,2019-08-01 18:41:17 UTC,2019-08-01 18:41:17 UTC,,
550,FDB013199,15343,2019-08-01 18:41:17 UTC,2019-08-01 18:41:17 UTC,,
551,FDB000416,411,2019-08-01 18:41:17 UTC,2019-08-01 18:41:17 UTC,,
552,FDB017736,341,2019-08-01 18:41:17 UTC,2019-08-01 18:41:17 UTC,,
553,FDB031348,604,2019-08-01 18:41:17 UTC,2019-08-01 18:41:17 UTC,,
554,FDB017887,2744,2019-08-01 18:41:17 UTC,2019-08-01 18:41:17 UTC,,
555,FDB004117,7104,2019-08-01 18:41:18 UTC,2019-08-01 18:41:18 UTC,,
556,FDB009180,890,2019-08-01 18:41:18 UTC,2019-08-01 18:41:18 UTC,,
557,FDB000659,12038,2019-08-01 18:41:18 UTC,2019-08-01 18:41:18 UTC,,
558,FDB020697,1744,2019-08-01 18:41:18 UTC,2019-08-01 18:41:18 UTC,,
559,FDB011006,11006,2019-08-01 18:41:18 UTC,2019-08-01 18:41:18 UTC,,
560,FDB013319,13323,2019-08-01 18:41:18 UTC,2019-08-01 18:41:18 UTC,,
561,FDB002582,31370,2019-08-01 18:41:18 UTC,2019-08-01 18:41:18 UTC,,
562,FDB013202,13203,2019-08-01 18:41:18 UTC,2019-08-01 18:41:18 UTC,,
563,FDB015907,238,2019-08-01 18:41:18 UTC,2019-08-01 18:41:18 UTC,,
564,FDB011583,11585,2019-08-01 18:41:19 UTC,2019-08-01 18:41:19 UTC,,
565,FDB015950,21150,2019-08-01 18:41:19 UTC,2019-08-01 18:41:19 UTC,,
566,FDB011185,11062,2019-08-01 18:41:19 UTC,2019-08-01 18:41:19 UTC,,
567,FDB011059,11063,2019-08-01 18:41:19 UTC,2019-08-01 18:41:19 UTC,,
568,FDB011726,11727,2019-08-01 18:41:19 UTC,2019-08-01 18:41:19 UTC,,
569,FDB011238,11240,2019-08-01 18:41:19 UTC,2019-08-01 18:41:19 UTC,,
570,FDB000407,413,2019-08-01 18:41:19 UTC,2019-08-01 18:41:19 UTC,,
571,FDB014087,2282,2019-08-01 18:41:19 UTC,2019-08-01 18:41:19 UTC,,
572,FDB001078,1077,2019-08-01 18:41:19 UTC,2019-08-01 18:41:19 UTC,,
573,FDB020341,20348,2019-08-01 18:41:19 UTC,2019-08-01 18:41:19 UTC,,
574,FDB014949,14345,2019-08-01 18:41:19 UTC,2019-08-01 18:41:19 UTC,,
575,FDB021305,11003,2019-08-01 18:41:19 UTC,2019-08-01 18:41:19 UTC,,
576,FDB010999,21315,2019-08-01 18:41:19 UTC,2019-08-01 18:41:19 UTC,,
577,FDB011253,11254,2019-08-01 18:41:19 UTC,2019-08-01 18:41:19 UTC,,
578,FDB001071,1070,2019-08-01 18:41:19 UTC,2019-08-01 18:41:19 UTC,,
579,FDB009781,6136,2019-08-01 18:41:19 UTC,2019-08-01 18:41:19 UTC,,
580,FDB013339,13340,2019-08-01 18:41:19 UTC,2019-08-01 18:41:19 UTC,,
581,FDB019645,19650,2019-08-01 18:41:19 UTC,2019-08-01 18:41:19 UTC,,
582,FDB003048,31246,2019-08-01 18:41:20 UTC,2019-08-01 18:41:20 UTC,,
583,FDB011679,31247,2019-08-01 18:41:20 UTC,2019-08-01 18:41:20 UTC,,
584,FDB016942,21211,2019-08-01 18:41:20 UTC,2019-08-01 18:41:20 UTC,,
585,FDB029765,3052,2019-08-01 18:41:20 UTC,2019-08-01 18:41:20 UTC,,
586,FDB007646,2343,2019-08-01 18:41:20 UTC,2019-08-01 18:41:20 UTC,,
587,FDB005736,7003,2019-08-01 18:41:20 UTC,2019-08-01 18:41:20 UTC,,
588,FDB011149,11150,2019-08-01 18:41:20 UTC,2019-08-01 18:41:20 UTC,,
589,FDB017214,2713,2019-08-01 18:41:20 UTC,2019-08-01 18:41:20 UTC,,
590,FDB006924,16707,2019-08-01 18:41:20 UTC,2019-08-01 18:41:20 UTC,,
591,FDB005995,5978,2019-08-01 18:41:20 UTC,2019-08-01 18:41:20 UTC,,
592,FDB005976,2414,2019-08-01 18:41:20 UTC,2019-08-01 18:41:20 UTC,,
593,FDB018421,18427,2019-08-01 18:41:20 UTC,2019-08-01 18:41:20 UTC,,
594,FDB011958,11960,2019-08-01 18:41:21 UTC,2019-08-01 18:41:21 UTC,,
595,FDB002393,30247,2019-08-01 18:41:21 UTC,2019-08-01 18:41:21 UTC,,
596,FDB002639,2640,2019-08-01 18:41:21 UTC,2019-08-01 18:41:21 UTC,,
597,FDB018387,2557,2019-08-01 18:41:21 UTC,2019-08-01 18:41:21 UTC,,
598,FDB021668,766,2019-08-01 18:41:21 UTC,2019-08-01 18:41:21 UTC,,
599,FDB002184,2004,2019-08-01 18:41:21 UTC,2019-08-01 18:41:21 UTC,,
600,FDB016543,16547,2019-08-01 18:41:21 UTC,2019-08-01 18:41:21 UTC,,
601,FDB000695,694,2019-08-01 18:41:21 UTC,2019-08-01 18:41:21 UTC,,
602,FDB000349,350,2019-08-01 18:41:21 UTC,2019-08-01 18:41:21 UTC,,
603,FDB001984,31025,2019-08-01 18:41:21 UTC,2019-08-01 18:41:21 UTC,,
604,FDB003036,3036,2019-08-01 18:41:21 UTC,2019-08-01 18:41:21 UTC,,
605,FDB019213,702,2019-08-01 18:41:22 UTC,2019-08-01 18:41:22 UTC,,
606,FDB000596,18827,2019-08-01 18:41:22 UTC,2019-08-01 18:41:22 UTC,,
607,FDB004680,1066,2019-08-01 18:41:22 UTC,2019-08-01 18:41:22 UTC,,
608,FDB016896,218,2019-08-01 18:41:22 UTC,2019-08-01 18:41:22 UTC,,
609,FDB000496,501,2019-08-01 18:41:22 UTC,2019-08-01 18:41:22 UTC,,
610,FDB016356,6351,2019-08-01 18:41:22 UTC,2019-08-01 18:41:22 UTC,,
611,FDB018678,18684,2019-08-01 18:41:22 UTC,2019-08-01 18:41:22 UTC,,
612,FDB009809,9812,2019-08-01 18:41:22 UTC,2019-08-01 18:41:22 UTC,,
613,FDB018924,18051,2019-08-01 18:41:22 UTC,2019-08-01 18:41:22 UTC,,
614,FDB015366,15426,2019-08-01 18:41:22 UTC,2019-08-01 18:41:22 UTC,,
615,FDB018605,8422,2019-08-01 18:41:22 UTC,2019-08-01 18:41:22 UTC,,
616,FDB030279,362,2019-08-01 18:41:22 UTC,2019-08-01 18:41:22 UTC,,
617,FDB018025,18031,2019-08-01 18:41:22 UTC,2019-08-01 18:41:22 UTC,,
618,FDB003204,3203,2019-08-01 18:41:22 UTC,2019-08-01 18:41:22 UTC,,
619,FDB020747,11263,2019-08-01 18:41:23 UTC,2019-08-01 18:41:23 UTC,,
620,FDB010616,10617,2019-08-01 18:41:23 UTC,2019-08-01 18:41:23 UTC,,
621,FDB011727,11728,2019-08-01 18:41:23 UTC,2019-08-01 18:41:23 UTC,,
622,FDB012989,12991,2019-08-01 18:41:23 UTC,2019-08-01 18:41:23 UTC,,
623,FDB031277,12465,2019-08-01 18:41:23 UTC,2019-08-01 18:41:23 UTC,,
624,FDB002945,12469,2019-08-01 18:41:23 UTC,2019-08-01 18:41:23 UTC,,
625,FDB011558,11560,2019-08-01 18:41:23 UTC,2019-08-01 18:41:23 UTC,,
626,FDB028328,31311,2019-08-01 18:41:23 UTC,2019-08-01 18:41:23 UTC,,
627,FDB019336,19339,2019-08-01 18:41:23 UTC,2019-08-01 18:41:23 UTC,,
628,FDB018338,1189,2019-08-01 18:41:23 UTC,2019-08-01 18:41:23 UTC,,
629,FDB018288,19348,2019-08-01 18:41:23 UTC,2019-08-01 18:41:23 UTC,,
630,FDB011776,20007,2019-08-01 18:41:24 UTC,2019-08-01 18:41:24 UTC,,
631,FDB002949,2949,2019-08-01 18:41:24 UTC,2019-08-01 18:41:24 UTC,,
632,FDB012766,2953,2019-08-01 18:41:24 UTC,2019-08-01 18:41:24 UTC,,
633,FDB008339,23578,2019-08-01 18:41:24 UTC,2019-08-01 18:41:24 UTC,,
634,FDB018618,17949,2019-08-01 18:41:24 UTC,2019-08-01 18:41:24 UTC,,
635,FDB002941,31346,2019-08-01 18:41:24 UTC,2019-08-01 18:41:24 UTC,,
636,FDB012636,12638,2019-08-01 18:41:24 UTC,2019-08-01 18:41:24 UTC,,
637,FDB021924,30987,2019-08-01 18:41:24 UTC,2019-08-01 18:41:24 UTC,,
638,FDB028911,31281,2019-08-01 18:41:25 UTC,2019-08-01 18:41:25 UTC,,
639,FDB021406,16111,2019-08-01 18:41:25 UTC,2019-08-01 18:41:25 UTC,,
640,FDB009448,16908,2019-08-01 18:41:25 UTC,2019-08-01 18:41:25 UTC,,
641,FDB006978,2465,2019-08-01 18:41:25 UTC,2019-08-01 18:41:25 UTC,,
642,FDB018206,18212,2019-08-01 18:41:25 UTC,2019-08-01 18:41:25 UTC,,
643,FDB031197,454,2019-08-01 18:41:25 UTC,2019-08-01 18:41:25 UTC,,
644,FDB002117,2116,2019-08-01 18:41:25 UTC,2019-08-01 18:41:25 UTC,,
645,FDB006939,13708,2019-08-01 18:41:25 UTC,2019-08-01 18:41:25 UTC,,
646,FDB017223,17229,2019-08-01 18:41:25 UTC,2019-08-01 18:41:25 UTC,,
647,FDB018657,18663,2019-08-01 18:41:25 UTC,2019-08-01 18:41:25 UTC,,
648,FDB017221,17227,2019-08-01 18:41:26 UTC,2019-08-01 18:41:26 UTC,,
649,FDB017219,13593,2019-08-01 18:41:26 UTC,2019-08-01 18:41:26 UTC,,
650,FDB015863,13677,2019-08-01 18:41:26 UTC,2019-08-01 18:41:26 UTC,,
651,FDB002002,2001,2019-08-01 18:41:26 UTC,2019-08-01 18:41:26 UTC,,
652,FDB018770,10540,2019-08-01 18:41:26 UTC,2019-08-01 18:41:26 UTC,,
653,FDB023272,30445,2019-08-01 18:41:26 UTC,2019-08-01 18:41:26 UTC,,
654,FDB021799,11547,2019-08-01 18:41:26 UTC,2019-08-01 18:41:26 UTC,,
655,FDB017913,15774,2019-08-01 18:41:26 UTC,2019-08-01 18:41:26 UTC,,
656,FDB002217,2216,2019-08-01 18:41:26 UTC,2019-08-01 18:41:26 UTC,,
657,FDB002939,17738,2019-08-01 18:41:27 UTC,2019-08-01 18:41:27 UTC,,
658,FDB020698,8337,2019-08-01 18:41:27 UTC,2019-08-01 18:41:27 UTC,,
659,FDB018746,18752,2019-08-01 18:41:27 UTC,2019-08-01 18:41:27 UTC,,
660,FDB005728,3077,2019-08-01 18:41:27 UTC,2019-08-01 18:41:27 UTC,,
661,FDB012992,12994,2019-08-01 18:41:27 UTC,2019-08-01 18:41:27 UTC,,
662,FDB011311,11313,2019-08-01 18:41:27 UTC,2019-08-01 18:41:27 UTC,,
663,FDB002092,425,2019-08-01 18:41:28 UTC,2019-08-01 18:41:28 UTC,,
664,FDB011772,30246,2019-08-01 18:41:28 UTC,2019-08-01 18:41:28 UTC,,
665,FDB000589,590,2019-08-01 18:41:28 UTC,2019-08-01 18:41:28 UTC,,
666,FDB002761,580,2019-08-01 18:41:28 UTC,2019-08-01 18:41:28 UTC,,
667,FDB021694,2600,2019-08-01 18:41:28 UTC,2019-08-01 18:41:28 UTC,,
668,FDB008647,8647,2019-08-01 18:41:28 UTC,2019-08-01 18:41:28 UTC,,
669,FDB022573,30716,2019-08-01 18:41:28 UTC,2019-08-01 18:41:28 UTC,,
670,FDB016058,16069,2019-08-01 18:41:28 UTC,2019-08-01 18:41:28 UTC,,
671,FDB016059,16070,2019-08-01 18:41:28 UTC,2019-08-01 18:41:28 UTC,,
672,FDB016065,16067,2019-08-01 18:41:28 UTC,2019-08-01 18:41:28 UTC,,
673,FDB016066,16068,2019-08-01 18:41:29 UTC,2019-08-01 18:41:29 UTC,,
674,FDB008142,8142,2019-08-01 18:41:29 UTC,2019-08-01 18:41:29 UTC,,
675,FDB002819,18407,2019-08-01 18:41:29 UTC,2019-08-01 18:41:29 UTC,,
676,FDB018399,21546,2019-08-01 18:41:29 UTC,2019-08-01 18:41:29 UTC,,
677,FDB002450,3501,2019-08-01 18:41:29 UTC,2019-08-01 18:41:29 UTC,,
678,FDB015161,15164,2019-08-01 18:41:29 UTC,2019-08-01 18:41:29 UTC,,
679,FDB022345,30419,2019-08-01 18:41:29 UTC,2019-08-01 18:41:29 UTC,,
680,FDB018429,12474,2019-08-01 18:41:29 UTC,2019-08-01 18:41:29 UTC,,
681,FDB018606,18611,2019-08-01 18:41:29 UTC,2019-08-01 18:41:29 UTC,,
682,FDB002029,2030,2019-08-01 18:41:29 UTC,2019-08-01 18:41:29 UTC,,
683,FDB013247,14427,2019-08-01 18:41:29 UTC,2019-08-01 18:41:29 UTC,,
684,FDB015694,15697,2019-08-01 18:41:29 UTC,2019-08-01 18:41:29 UTC,,
685,FDB010794,10795,2019-08-01 18:41:29 UTC,2019-08-01 18:41:29 UTC,,
686,FDB014574,14574,2019-08-01 18:41:30 UTC,2019-08-01 18:41:30 UTC,,
687,FDB010796,10797,2019-08-01 18:41:30 UTC,2019-08-01 18:41:30 UTC,,
688,FDB021398,21406,2019-08-01 18:41:30 UTC,2019-08-01 18:41:30 UTC,,
689,FDB022564,31245,2019-08-01 18:41:30 UTC,2019-08-01 18:41:30 UTC,,
690,FDB006884,6872,2019-08-01 18:41:30 UTC,2019-08-01 18:41:30 UTC,,
691,FDB008709,10763,2019-08-01 18:41:30 UTC,2019-08-01 18:41:30 UTC,,
692,FDB010877,20856,2019-08-01 18:41:30 UTC,2019-08-01 18:41:30 UTC,,
693,FDB002865,2863,2019-08-01 18:41:30 UTC,2019-08-01 18:41:30 UTC,,
694,FDB021195,20580,2019-08-01 18:41:31 UTC,2019-08-01 18:41:31 UTC,,
695,FDB021194,20579,2019-08-01 18:41:31 UTC,2019-08-01 18:41:31 UTC,,
696,FDB021128,21135,2019-08-01 18:41:31 UTC,2019-08-01 18:41:31 UTC,,
697,FDB015665,31010,2019-08-01 18:41:31 UTC,2019-08-01 18:41:31 UTC,,
698,FDB013277,30805,2019-08-01 18:41:31 UTC,2019-08-01 18:41:31 UTC,,
699,FDB015790,21816,2019-08-01 18:41:31 UTC,2019-08-01 18:41:31 UTC,,
700,FDB015649,15652,2019-08-01 18:41:31 UTC,2019-08-01 18:41:31 UTC,,
701,FDB021673,15665,2019-08-01 18:41:31 UTC,2019-08-01 18:41:31 UTC,,
702,FDB013979,13983,2019-08-01 18:41:31 UTC,2019-08-01 18:41:31 UTC,,
703,FDB019348,19354,2019-08-01 18:41:31 UTC,2019-08-01 18:41:31 UTC,,
704,FDB013278,30804,2019-08-01 18:41:31 UTC,2019-08-01 18:41:31 UTC,,
705,FDB023399,27723,2019-08-01 18:41:31 UTC,2019-08-01 18:41:31 UTC,,
706,FDB014054,14056,2019-08-01 18:41:31 UTC,2019-08-01 18:41:31 UTC,,
707,FDB015739,14058,2019-08-01 18:41:31 UTC,2019-08-01 18:41:31 UTC,,
708,FDB030885,23540,2019-08-01 18:41:32 UTC,2019-08-01 18:41:32 UTC,,
709,FDB013796,13828,2019-08-01 18:41:32 UTC,2019-08-01 18:41:32 UTC,,
710,FDB018802,232,2019-08-01 18:41:32 UTC,2019-08-01 18:41:32 UTC,,
711,FDB020399,20408,2019-08-01 18:41:32 UTC,2019-08-01 18:41:32 UTC,,
712,FDB017092,31523,2019-08-01 18:41:32 UTC,2019-08-01 18:41:32 UTC,,
713,FDB001948,1391,2019-08-01 18:41:32 UTC,2019-08-01 18:41:32 UTC,,
714,FDB016656,614,2019-08-01 18:41:33 UTC,2019-08-01 18:41:33 UTC,,
715,FDB004792,4136,2019-08-01 18:41:33 UTC,2019-08-01 18:41:33 UTC,,
716,FDB016704,13265,2019-08-01 18:41:33 UTC,2019-08-01 18:41:33 UTC,,
717,FDB016389,16414,2019-08-01 18:41:33 UTC,2019-08-01 18:41:33 UTC,,
718,FDB005893,6656,2019-08-01 18:41:33 UTC,2019-08-01 18:41:33 UTC,,
719,FDB007557,12033,2019-08-01 18:41:33 UTC,2019-08-01 18:41:33 UTC,,
720,FDB018393,17488,2019-08-01 18:41:33 UTC,2019-08-01 18:41:33 UTC,,
721,FDB000364,219,2019-08-01 18:41:33 UTC,2019-08-01 18:41:33 UTC,,
722,FDB002231,2230,2019-08-01 18:41:33 UTC,2019-08-01 18:41:33 UTC,,
723,FDB006826,15558,2019-08-01 18:41:34 UTC,2019-08-01 18:41:34 UTC,,
724,FDB017117,17123,2019-08-01 18:41:34 UTC,2019-08-01 18:41:34 UTC,,
725,FDB010694,13344,2019-08-01 18:41:34 UTC,2019-08-01 18:41:34 UTC,,
726,FDB022469,31220,2019-08-01 18:41:34 UTC,2019-08-01 18:41:34 UTC,,
727,FDB021908,31217,2019-08-01 18:41:34 UTC,2019-08-01 18:41:34 UTC,,
728,FDB002051,2050,2019-08-01 18:41:34 UTC,2019-08-01 18:41:34 UTC,,
729,FDB020784,1162,2019-08-01 18:41:35 UTC,2019-08-01 18:41:35 UTC,,
730,FDB001065,31473,2019-08-01 18:41:35 UTC,2019-08-01 18:41:35 UTC,,
731,FDB021873,6405,2019-08-01 18:41:35 UTC,2019-08-01 18:41:35 UTC,,
732,FDB001323,1322,2019-08-01 18:41:35 UTC,2019-08-01 18:41:35 UTC,,
733,FDB001349,1348,2019-08-01 18:41:35 UTC,2019-08-01 18:41:35 UTC,,
734,FDB010743,10742,2019-08-01 18:41:35 UTC,2019-08-01 18:41:35 UTC,,
735,FDB021982,30441,2019-08-01 18:41:35 UTC,2019-08-01 18:41:35 UTC,,
736,FDB007799,20354,2019-08-01 18:41:35 UTC,2019-08-01 18:41:35 UTC,,
737,FDB000409,414,2019-08-01 18:41:35 UTC,2019-08-01 18:41:35 UTC,,
738,FDB019397,19202,2019-08-01 18:41:35 UTC,2019-08-01 18:41:35 UTC,,
739,FDB002285,21437,2019-08-01 18:41:35 UTC,2019-08-01 18:41:35 UTC,,
740,FDB017329,17335,2019-08-01 18:41:35 UTC,2019-08-01 18:41:35 UTC,,
741,FDB009515,3079,2019-08-01 18:41:36 UTC,2019-08-01 18:41:36 UTC,,
742,FDB017702,4351,2019-08-01 18:41:36 UTC,2019-08-01 18:41:36 UTC,,
743,FDB030698,12227,2019-08-01 18:41:36 UTC,2019-08-01 18:41:36 UTC,,
744,FDB013473,17330,2019-08-01 18:41:36 UTC,2019-08-01 18:41:36 UTC,,
745,FDB015549,18256,2019-08-01 18:41:36 UTC,2019-08-01 18:41:36 UTC,,
746,FDB031071,12223,2019-08-01 18:41:38 UTC,2019-08-01 18:41:38 UTC,,
747,FDB020647,611,2019-08-01 18:41:38 UTC,2019-08-01 18:41:38 UTC,,
748,FDB008213,8213,2019-08-01 18:41:38 UTC,2019-08-01 18:41:38 UTC,,
749,FDB002115,2113,2019-08-01 18:41:38 UTC,2019-08-01 18:41:38 UTC,,
750,FDB011599,11604,2019-08-01 18:41:38 UTC,2019-08-01 18:41:38 UTC,,
751,FDB014043,14045,2019-08-01 18:41:38 UTC,2019-08-01 18:41:38 UTC,,
752,FDB013203,13204,2019-08-01 18:41:38 UTC,2019-08-01 18:41:38 UTC,,
753,FDB007765,20355,2019-08-01 18:41:38 UTC,2019-08-01 18:41:38 UTC,,
754,FDB000415,410,2019-08-01 18:41:38 UTC,2019-08-01 18:41:38 UTC,,
755,FDB003005,3005,2019-08-01 18:41:38 UTC,2019-08-01 18:41:38 UTC,,
756,FDB021815,5831,2019-08-01 18:41:38 UTC,2019-08-01 18:41:38 UTC,,
757,FDB018881,6783,2019-08-01 18:41:38 UTC,2019-08-01 18:41:38 UTC,,
758,FDB012136,12138,2019-08-01 18:41:38 UTC,2019-08-01 18:41:38 UTC,,
759,FDB019571,17831,2019-08-01 18:41:38 UTC,2019-08-01 18:41:38 UTC,,
760,FDB002159,2160,2019-08-01 18:41:38 UTC,2019-08-01 18:41:38 UTC,,
761,FDB018159,18168,2019-08-01 18:41:38 UTC,2019-08-01 18:41:38 UTC,,
762,FDB017234,10233,2019-08-01 18:41:39 UTC,2019-08-01 18:41:39 UTC,,
763,FDB001331,1330,2019-08-01 18:41:39 UTC,2019-08-01 18:41:39 UTC,,
764,FDB015128,11437,2019-08-01 18:41:39 UTC,2019-08-01 18:41:39 UTC,,
765,FDB000786,497,2019-08-01 18:41:39 UTC,2019-08-01 18:41:39 UTC,,
766,FDB001318,20518,2019-08-01 18:41:39 UTC,2019-08-01 18:41:39 UTC,,
767,FDB012533,12535,2019-08-01 18:41:39 UTC,2019-08-01 18:41:39 UTC,,
768,FDB018564,18570,2019-08-01 18:41:39 UTC,2019-08-01 18:41:39 UTC,,
769,FDB012428,620,2019-08-01 18:41:39 UTC,2019-08-01 18:41:39 UTC,,
770,FDB021511,21519,2019-08-01 18:41:39 UTC,2019-08-01 18:41:39 UTC,,
771,FDB018617,980,2019-08-01 18:41:39 UTC,2019-08-01 18:41:39 UTC,,
772,FDB011602,12813,2019-08-01 18:41:40 UTC,2019-08-01 18:41:40 UTC,,
773,FDB001229,1227,2019-08-01 18:41:40 UTC,2019-08-01 18:41:40 UTC,,
774,FDB021823,4652,2019-08-01 18:41:40 UTC,2019-08-01 18:41:40 UTC,,
775,FDB019157,19163,2019-08-01 18:41:40 UTC,2019-08-01 18:41:40 UTC,,
776,FDB004334,5217,2019-08-01 18:41:40 UTC,2019-08-01 18:41:40 UTC,,
777,FDB016441,1905,2019-08-01 18:41:40 UTC,2019-08-01 18:41:40 UTC,,
778,FDB002564,16509,2019-08-01 18:41:40 UTC,2019-08-01 18:41:40 UTC,,
779,FDB001957,11524,2019-08-01 18:41:40 UTC,2019-08-01 18:41:40 UTC,,
780,FDB001654,8413,2019-08-01 18:41:40 UTC,2019-08-01 18:41:40 UTC,,
781,FDB000879,830,2019-08-01 18:41:41 UTC,2019-08-01 18:41:41 UTC,,
782,FDB013127,11024,2019-08-01 18:41:41 UTC,2019-08-01 18:41:41 UTC,,
783,FDB018870,16488,2019-08-01 18:41:41 UTC,2019-08-01 18:41:41 UTC,,
784,FDB017099,16625,2019-08-01 18:41:42 UTC,2019-08-01 18:41:42 UTC,,
785,FDB014782,14464,2019-08-01 18:41:42 UTC,2019-08-01 18:41:42 UTC,,
786,FDB020428,20435,2019-08-01 18:41:42 UTC,2019-08-01 18:41:42 UTC,,
787,FDB018278,11515,2019-08-01 18:41:42 UTC,2019-08-01 18:41:42 UTC,,
788,FDB010533,12349,2019-08-01 18:41:42 UTC,2019-08-01 18:41:42 UTC,,
789,FDB016181,16187,2019-08-01 18:41:43 UTC,2019-08-01 18:41:43 UTC,,
790,FDB005772,884,2019-08-01 18:41:43 UTC,2019-08-01 18:41:43 UTC,,
791,FDB003045,4036,2019-08-01 18:41:43 UTC,2019-08-01 18:41:43 UTC,,
792,FDB017149,1573,2019-08-01 18:41:43 UTC,2019-08-01 18:41:43 UTC,,
793,FDB006745,6745,2019-08-01 18:41:43 UTC,2019-08-01 18:41:43 UTC,,
794,FDB004115,4115,2019-08-01 18:41:43 UTC,2019-08-01 18:41:43 UTC,,
795,FDB002058,2057,2019-08-01 18:41:43 UTC,2019-08-01 18:41:43 UTC,,
796,FDB016475,16497,2019-08-01 18:41:43 UTC,2019-08-01 18:41:43 UTC,,
797,FDB020653,20660,2019-08-01 18:41:43 UTC,2019-08-01 18:41:43 UTC,,
798,FDB016654,615,2019-08-01 18:41:43 UTC,2019-08-01 18:41:43 UTC,,
799,FDB011784,6805,2019-08-01 18:41:43 UTC,2019-08-01 18:41:43 UTC,,
800,FDB016620,16401,2019-08-01 18:41:44 UTC,2019-08-01 18:41:44 UTC,,
801,FDB007694,168,2019-08-01 18:41:44 UTC,2019-08-01 18:41:44 UTC,,
802,FDB020522,20529,2019-08-01 18:41:44 UTC,2019-08-01 18:41:44 UTC,,
803,FDB017097,16626,2019-08-01 18:41:44 UTC,2019-08-01 18:41:44 UTC,,
804,FDB021348,14536,2019-08-01 18:41:44 UTC,2019-08-01 18:41:44 UTC,,
805,FDB014492,14535,2019-08-01 18:41:44 UTC,2019-08-01 18:41:44 UTC,,
806,FDB021179,21188,2019-08-01 18:41:44 UTC,2019-08-01 18:41:44 UTC,,
807,FDB014491,14534,2019-08-01 18:41:44 UTC,2019-08-01 18:41:44 UTC,,
808,FDB016452,16458,2019-08-01 18:41:44 UTC,2019-08-01 18:41:44 UTC,,
809,FDB017124,17129,2019-08-01 18:41:45 UTC,2019-08-01 18:41:45 UTC,,
810,FDB022483,31016,2019-08-01 18:41:45 UTC,2019-08-01 18:41:45 UTC,,
811,FDB018903,15429,2019-08-01 18:41:45 UTC,2019-08-01 18:41:45 UTC,,
812,FDB017383,16730,2019-08-01 18:41:45 UTC,2019-08-01 18:41:45 UTC,,
813,FDB017881,17887,2019-08-01 18:41:45 UTC,2019-08-01 18:41:45 UTC,,
814,FDB002875,2874,2019-08-01 18:41:45 UTC,2019-08-01 18:41:45 UTC,,
815,FDB001376,1375,2019-08-01 18:41:45 UTC,2019-08-01 18:41:45 UTC,,
816,FDB012793,12810,2019-08-01 18:41:45 UTC,2019-08-01 18:41:45 UTC,,
817,FDB003084,3084,2019-08-01 18:41:46 UTC,2019-08-01 18:41:46 UTC,,
818,FDB010636,10637,2019-08-01 18:41:46 UTC,2019-08-01 18:41:46 UTC,,
819,FDB030589,28995,2019-08-01 18:41:46 UTC,2019-08-01 18:41:46 UTC,,
820,FDB023869,31421,2019-08-01 18:41:46 UTC,2019-08-01 18:41:46 UTC,,
821,FDB001352,3603,2019-08-01 18:41:46 UTC,2019-08-01 18:41:46 UTC,,
822,FDB013968,13970,2019-08-01 18:41:46 UTC,2019-08-01 18:41:46 UTC,,
823,FDB010754,10755,2019-08-01 18:41:47 UTC,2019-08-01 18:41:47 UTC,,
824,FDB013271,13273,2019-08-01 18:41:47 UTC,2019-08-01 18:41:47 UTC,,
825,FDB018271,20582,2019-08-01 18:41:47 UTC,2019-08-01 18:41:47 UTC,,
826,FDB031257,24277,2019-08-01 18:41:47 UTC,2019-08-01 18:41:47 UTC,,
827,FDB031306,2432,2019-08-01 18:41:47 UTC,2019-08-01 18:41:47 UTC,,
828,FDB012354,12723,2019-08-01 18:41:47 UTC,2019-08-01 18:41:47 UTC,,
829,FDB012708,20724,2019-08-01 18:41:47 UTC,2019-08-01 18:41:47 UTC,,
830,FDB018388,21043,2019-08-01 18:41:48 UTC,2019-08-01 18:41:48 UTC,,
831,FDB001338,1336,2019-08-01 18:41:48 UTC,2019-08-01 18:41:48 UTC,,
832,FDB012776,12490,2019-08-01 18:41:48 UTC,2019-08-01 18:41:48 UTC,,
833,FDB016418,16424,2019-08-01 18:41:48 UTC,2019-08-01 18:41:48 UTC,,
834,FDB021579,21590,2019-08-01 18:41:48 UTC,2019-08-01 18:41:48 UTC,,
835,FDB018613,18060,2019-08-01 18:41:48 UTC,2019-08-01 18:41:48 UTC,,
836,FDB022489,30692,2019-08-01 18:41:48 UTC,2019-08-01 18:41:48 UTC,,
837,FDB008829,8831,2019-08-01 18:41:48 UTC,2019-08-01 18:41:48 UTC,,
838,FDB011749,11751,2019-08-01 18:41:48 UTC,2019-08-01 18:41:48 UTC,,
839,FDB019638,10649,2019-08-01 18:41:48 UTC,2019-08-01 18:41:48 UTC,,
840,FDB028316,30704,2019-08-01 18:41:48 UTC,2019-08-01 18:41:48 UTC,,
841,FDB028828,30707,2019-08-01 18:41:48 UTC,2019-08-01 18:41:48 UTC,,
842,FDB028777,30259,2019-08-01 18:41:48 UTC,2019-08-01 18:41:48 UTC,,
843,FDB028823,30693,2019-08-01 18:41:48 UTC,2019-08-01 18:41:48 UTC,,
844,FDB014205,14206,2019-08-01 18:41:48 UTC,2019-08-01 18:41:48 UTC,,
845,FDB001926,17052,2019-08-01 18:41:48 UTC,2019-08-01 18:41:48 UTC,,
846,FDB030370,12534,2019-08-01 18:41:49 UTC,2019-08-01 18:41:49 UTC,,
847,FDB028827,30701,2019-08-01 18:41:49 UTC,2019-08-01 18:41:49 UTC,,
848,FDB010395,2431,2019-08-01 18:41:49 UTC,2019-08-01 18:41:49 UTC,,
849,FDB012381,31464,2019-08-01 18:41:49 UTC,2019-08-01 18:41:49 UTC,,
850,FDB002105,2103,2019-08-01 18:41:49 UTC,2019-08-01 18:41:49 UTC,,
851,FDB001924,30874,2019-08-01 18:41:49 UTC,2019-08-01 18:41:49 UTC,,
852,FDB030592,30587,2019-08-01 18:41:49 UTC,2019-08-01 18:41:49 UTC,,
853,FDB030594,30756,2019-08-01 18:41:49 UTC,2019-08-01 18:41:49 UTC,,
854,FDB015676,15655,2019-08-01 18:41:49 UTC,2019-08-01 18:41:49 UTC,,
855,FDB012729,12734,2019-08-01 18:41:49 UTC,2019-08-01 18:41:49 UTC,,
856,FDB012727,12027,2019-08-01 18:41:49 UTC,2019-08-01 18:41:49 UTC,,
857,FDB011994,12489,2019-08-01 18:41:49 UTC,2019-08-01 18:41:49 UTC,,
858,FDB011547,11549,2019-08-01 18:41:49 UTC,2019-08-01 18:41:49 UTC,,
859,FDB030518,7081,2019-08-01 18:41:49 UTC,2019-08-01 18:41:49 UTC,,
860,FDB005850,31470,2019-08-01 18:41:49 UTC,2019-08-01 18:41:49 UTC,,
861,FDB004918,6191,2019-08-01 18:41:49 UTC,2019-08-01 18:41:49 UTC,,
862,FDB015474,14198,2019-08-01 18:41:49 UTC,2019-08-01 18:41:49 UTC,,
863,FDB028822,30691,2019-08-01 18:41:49 UTC,2019-08-01 18:41:49 UTC,,
864,FDB004198,4196,2019-08-01 18:41:49 UTC,2019-08-01 18:41:49 UTC,,
865,FDB028825,30699,2019-08-01 18:41:50 UTC,2019-08-01 18:41:50 UTC,,
866,FDB005752,565,2019-08-01 18:41:50 UTC,2019-08-01 18:41:50 UTC,,
867,FDB001317,1316,2019-08-01 18:41:50 UTC,2019-08-01 18:41:50 UTC,,
868,FDB014204,14205,2019-08-01 18:41:50 UTC,2019-08-01 18:41:50 UTC,,
869,FDB019349,21514,2019-08-01 18:41:50 UTC,2019-08-01 18:41:50 UTC,,
870,FDB012626,6241,2019-08-01 18:41:50 UTC,2019-08-01 18:41:50 UTC,,
871,FDB003357,31237,2019-08-01 18:41:50 UTC,2019-08-01 18:41:50 UTC,,
872,FDB000754,10098,2019-08-01 18:41:50 UTC,2019-08-01 18:41:50 UTC,,
873,FDB008299,19732,2019-08-01 18:41:50 UTC,2019-08-01 18:41:50 UTC,,
874,FDB030894,3299,2019-08-01 18:41:50 UTC,2019-08-01 18:41:50 UTC,,
875,FDB022263,30523,2019-08-01 18:41:50 UTC,2019-08-01 18:41:50 UTC,,
876,FDB000769,31014,2019-08-01 18:41:50 UTC,2019-08-01 18:41:50 UTC,,
877,FDB021911,31278,2019-08-01 18:41:50 UTC,2019-08-01 18:41:50 UTC,,
878,FDB010883,10884,2019-08-01 18:41:51 UTC,2019-08-01 18:41:51 UTC,,
879,FDB016772,15175,2019-08-01 18:41:51 UTC,2019-08-01 18:41:51 UTC,,
880,FDB020488,2430,2019-08-01 18:41:51 UTC,2019-08-01 18:41:51 UTC,,
881,FDB016079,17211,2019-08-01 18:41:52 UTC,2019-08-01 18:41:52 UTC,,
882,FDB018259,18267,2019-08-01 18:41:52 UTC,2019-08-01 18:41:52 UTC,,
883,FDB015175,15178,2019-08-01 18:41:52 UTC,2019-08-01 18:41:52 UTC,,
884,FDB013225,21143,2019-08-01 18:41:52 UTC,2019-08-01 18:41:52 UTC,,
885,FDB014006,14007,2019-08-01 18:41:52 UTC,2019-08-01 18:41:52 UTC,,
886,FDB011227,11229,2019-08-01 18:41:52 UTC,2019-08-01 18:41:52 UTC,,
887,FDB017729,17737,2019-08-01 18:41:52 UTC,2019-08-01 18:41:52 UTC,,
888,FDB013961,14303,2019-08-01 18:41:52 UTC,2019-08-01 18:41:52 UTC,,
889,FDB020915,13925,2019-08-01 18:41:52 UTC,2019-08-01 18:41:52 UTC,,
890,FDB013058,13060,2019-08-01 18:41:52 UTC,2019-08-01 18:41:52 UTC,,
891,FDB002379,2378,2019-08-01 18:41:52 UTC,2019-08-01 18:41:52 UTC,,
892,FDB008873,10746,2019-08-01 18:41:52 UTC,2019-08-01 18:41:52 UTC,,
893,FDB013752,14456,2019-08-01 18:41:53 UTC,2019-08-01 18:41:53 UTC,,
894,FDB014889,13083,2019-08-01 18:41:53 UTC,2019-08-01 18:41:53 UTC,,
895,FDB014888,14890,2019-08-01 18:41:53 UTC,2019-08-01 18:41:53 UTC,,
896,FDB017548,14893,2019-08-01 18:41:53 UTC,2019-08-01 18:41:53 UTC,,
897,FDB019815,19821,2019-08-01 18:41:54 UTC,2019-08-01 18:41:54 UTC,,
898,FDB014656,14725,2019-08-01 18:41:54 UTC,2019-08-01 18:41:54 UTC,,
899,FDB012999,13000,2019-08-01 18:41:54 UTC,2019-08-01 18:41:54 UTC,,
900,FDB013169,13022,2019-08-01 18:41:54 UTC,2019-08-01 18:41:54 UTC,,
901,FDB013757,13759,2019-08-01 18:41:54 UTC,2019-08-01 18:41:54 UTC,,
902,FDB008019,30534,2019-08-01 18:41:55 UTC,2019-08-01 18:41:55 UTC,,
903,FDB014821,14514,2019-08-01 18:41:55 UTC,2019-08-01 18:41:55 UTC,,
904,FDB028815,30634,2019-08-01 18:41:55 UTC,2019-08-01 18:41:55 UTC,,
905,FDB018114,13059,2019-08-01 18:41:55 UTC,2019-08-01 18:41:55 UTC,,
906,FDB005166,4615,2019-08-01 18:41:55 UTC,2019-08-01 18:41:55 UTC,,
907,FDB010828,21571,2019-08-01 18:41:55 UTC,2019-08-01 18:41:55 UTC,,
908,FDB028816,30635,2019-08-01 18:41:55 UTC,2019-08-01 18:41:55 UTC,,
909,FDB015117,15119,2019-08-01 18:41:55 UTC,2019-08-01 18:41:55 UTC,,
910,FDB014557,14558,2019-08-01 18:41:55 UTC,2019-08-01 18:41:55 UTC,,
911,FDB021074,21081,2019-08-01 18:41:55 UTC,2019-08-01 18:41:55 UTC,,
912,FDB011789,11796,2019-08-01 18:41:56 UTC,2019-08-01 18:41:56 UTC,,
913,FDB011734,11735,2019-08-01 18:41:56 UTC,2019-08-01 18:41:56 UTC,,
914,FDB006454,1480,2019-08-01 18:41:56 UTC,2019-08-01 18:41:56 UTC,,
915,FDB017047,14003,2019-08-01 18:41:56 UTC,2019-08-01 18:41:56 UTC,,
916,FDB017048,14005,2019-08-01 18:41:56 UTC,2019-08-01 18:41:56 UTC,,
917,FDB013877,13879,2019-08-01 18:41:56 UTC,2019-08-01 18:41:56 UTC,,
918,FDB019558,19567,2019-08-01 18:41:56 UTC,2019-08-01 18:41:56 UTC,,
919,FDB012714,2660,2019-08-01 18:41:56 UTC,2019-08-01 18:41:56 UTC,,
920,FDB016671,20346,2019-08-01 18:41:56 UTC,2019-08-01 18:41:56 UTC,,
921,FDB019614,19620,2019-08-01 18:41:56 UTC,2019-08-01 18:41:56 UTC,,
922,FDB020339,164,2019-08-01 18:41:56 UTC,2019-08-01 18:41:56 UTC,,
923,FDB004179,5941,2019-08-01 18:41:56 UTC,2019-08-01 18:41:56 UTC,,
924,FDB018938,17109,2019-08-01 18:41:56 UTC,2019-08-01 18:41:56 UTC,,
925,FDB018939,166,2019-08-01 18:41:56 UTC,2019-08-01 18:41:56 UTC,,
926,FDB016496,16220,2019-08-01 18:41:56 UTC,2019-08-01 18:41:56 UTC,,
927,FDB016669,8707,2019-08-01 18:41:56 UTC,2019-08-01 18:41:56 UTC,,
928,FDB016382,16234,2019-08-01 18:41:57 UTC,2019-08-01 18:41:57 UTC,,
929,FDB002277,17111,2019-08-01 18:41:57 UTC,2019-08-01 18:41:57 UTC,,
930,FDB012915,2337,2019-08-01 18:41:57 UTC,2019-08-01 18:41:57 UTC,,
931,FDB020796,367,2019-08-01 18:41:57 UTC,2019-08-01 18:41:57 UTC,,
932,FDB011781,11808,2019-08-01 18:41:57 UTC,2019-08-01 18:41:57 UTC,,
933,FDB019066,19064,2019-08-01 18:41:57 UTC,2019-08-01 18:41:57 UTC,,
934,FDB014005,14006,2019-08-01 18:41:57 UTC,2019-08-01 18:41:57 UTC,,
935,FDB013960,14306,2019-08-01 18:41:57 UTC,2019-08-01 18:41:57 UTC,,
936,FDB013959,13960,2019-08-01 18:41:57 UTC,2019-08-01 18:41:57 UTC,,
937,FDB015189,15192,2019-08-01 18:41:57 UTC,2019-08-01 18:41:57 UTC,,
938,FDB019519,19528,2019-08-01 18:41:57 UTC,2019-08-01 18:41:57 UTC,,
939,FDB008689,8688,2019-08-01 18:41:57 UTC,2019-08-01 18:41:57 UTC,,
940,FDB014321,14223,2019-08-01 18:41:57 UTC,2019-08-01 18:41:57 UTC,,
941,FDB018499,19888,2019-08-01 18:41:57 UTC,2019-08-01 18:41:57 UTC,,
942,FDB014684,14806,2019-08-01 18:41:57 UTC,2019-08-01 18:41:57 UTC,,
943,FDB001386,2447,2019-08-01 18:41:57 UTC,2019-08-01 18:41:57 UTC,,
944,FDB011923,12164,2019-08-01 18:41:57 UTC,2019-08-01 18:41:57 UTC,,
945,FDB022670,31173,2019-08-01 18:41:58 UTC,2019-08-01 18:41:58 UTC,,
946,FDB019824,17254,2019-08-01 18:41:58 UTC,2019-08-01 18:41:58 UTC,,
947,FDB021544,21510,2019-08-01 18:41:58 UTC,2019-08-01 18:41:58 UTC,,
948,FDB003457,3474,2019-08-01 18:41:58 UTC,2019-08-01 18:41:58 UTC,,
949,FDB010693,20771,2019-08-01 18:41:58 UTC,2019-08-01 18:41:58 UTC,,
950,FDB011174,11176,2019-08-01 18:41:58 UTC,2019-08-01 18:41:58 UTC,,
951,FDB021301,21308,2019-08-01 18:41:58 UTC,2019-08-01 18:41:58 UTC,,
952,FDB015948,16117,2019-08-01 18:41:58 UTC,2019-08-01 18:41:58 UTC,,
953,FDB016913,20652,2019-08-01 18:41:58 UTC,2019-08-01 18:41:58 UTC,,
954,FDB020905,21552,2019-08-01 18:41:58 UTC,2019-08-01 18:41:58 UTC,,
955,FDB011082,11105,2019-08-01 18:41:58 UTC,2019-08-01 18:41:58 UTC,,
956,FDB018412,18418,2019-08-01 18:41:58 UTC,2019-08-01 18:41:58 UTC,,
957,FDB010888,17092,2019-08-01 18:41:58 UTC,2019-08-01 18:41:58 UTC,,
958,FDB002472,31336,2019-08-01 18:41:58 UTC,2019-08-01 18:41:58 UTC,,
959,FDB008688,8691,2019-08-01 18:41:58 UTC,2019-08-01 18:41:58 UTC,,
960,FDB014306,14307,2019-08-01 18:41:58 UTC,2019-08-01 18:41:58 UTC,,
961,FDB014493,14105,2019-08-01 18:41:59 UTC,2019-08-01 18:41:59 UTC,,
962,FDB020792,772,2019-08-01 18:41:59 UTC,2019-08-01 18:41:59 UTC,,
963,FDB021303,21310,2019-08-01 18:41:59 UTC,2019-08-01 18:41:59 UTC,,
964,FDB019172,19170,2019-08-01 18:41:59 UTC,2019-08-01 18:41:59 UTC,,
965,FDB008585,8574,2019-08-01 18:41:59 UTC,2019-08-01 18:41:59 UTC,,
966,FDB021169,17147,2019-08-01 18:41:59 UTC,2019-08-01 18:41:59 UTC,,
967,FDB018849,18859,2019-08-01 18:41:59 UTC,2019-08-01 18:41:59 UTC,,
968,FDB016764,18858,2019-08-01 18:41:59 UTC,2019-08-01 18:41:59 UTC,,
969,FDB024096,30589,2019-08-01 18:41:59 UTC,2019-08-01 18:41:59 UTC,,
970,FDB014593,14586,2019-08-01 18:41:59 UTC,2019-08-01 18:41:59 UTC,,
971,FDB017684,17690,2019-08-01 18:41:59 UTC,2019-08-01 18:41:59 UTC,,
972,FDB015243,15246,2019-08-01 18:41:59 UTC,2019-08-01 18:41:59 UTC,,
973,FDB001239,1247,2019-08-01 18:41:59 UTC,2019-08-01 18:41:59 UTC,,
974,FDB018049,20980,2019-08-01 18:41:59 UTC,2019-08-01 18:41:59 UTC,,
975,FDB020973,8451,2019-08-01 18:42:00 UTC,2019-08-01 18:42:00 UTC,,
976,FDB003147,3335,2019-08-01 18:42:00 UTC,2019-08-01 18:42:00 UTC,,
977,FDB008835,10619,2019-08-01 18:42:00 UTC,2019-08-01 18:42:00 UTC,,
978,FDB019233,12653,2019-08-01 18:42:00 UTC,2019-08-01 18:42:00 UTC,,
979,FDB008578,15243,2019-08-01 18:42:00 UTC,2019-08-01 18:42:00 UTC,,
980,FDB011199,11200,2019-08-01 18:42:00 UTC,2019-08-01 18:42:00 UTC,,
981,FDB002318,2302,2019-08-01 18:42:00 UTC,2019-08-01 18:42:00 UTC,,
982,FDB000617,616,2019-08-01 18:42:00 UTC,2019-08-01 18:42:00 UTC,,
983,FDB017686,17692,2019-08-01 18:42:00 UTC,2019-08-01 18:42:00 UTC,,
984,FDB015167,15170,2019-08-01 18:42:00 UTC,2019-08-01 18:42:00 UTC,,
985,FDB013043,13045,2019-08-01 18:42:00 UTC,2019-08-01 18:42:00 UTC,,
986,FDB020481,20488,2019-08-01 18:42:00 UTC,2019-08-01 18:42:00 UTC,,
987,FDB015108,20821,2019-08-01 18:42:00 UTC,2019-08-01 18:42:00 UTC,,
988,FDB005274,31294,2019-08-01 18:42:00 UTC,2019-08-01 18:42:00 UTC,,
989,FDB030649,8308,2019-08-01 18:42:00 UTC,2019-08-01 18:42:00 UTC,,
990,FDB008302,10093,2019-08-01 18:42:00 UTC,2019-08-01 18:42:00 UTC,,
991,FDB008295,31163,2019-08-01 18:42:00 UTC,2019-08-01 18:42:00 UTC,,
992,FDB030989,28056,2019-08-01 18:42:01 UTC,2019-08-01 18:42:01 UTC,,
993,FDB021862,30597,2019-08-01 18:42:01 UTC,2019-08-01 18:42:01 UTC,,
994,FDB023289,30627,2019-08-01 18:42:01 UTC,2019-08-01 18:42:01 UTC,,
995,FDB001451,31275,2019-08-01 18:42:01 UTC,2019-08-01 18:42:01 UTC,,
996,FDB008285,31295,2019-08-01 18:42:01 UTC,2019-08-01 18:42:01 UTC,,
997,FDB030646,12044,2019-08-01 18:42:01 UTC,2019-08-01 18:42:01 UTC,,
998,FDB009294,30989,2019-08-01 18:42:01 UTC,2019-08-01 18:42:01 UTC,,
999,FDB022189,30595,2019-08-01 18:42:01 UTC,2019-08-01 18:42:01 UTC,,
1000,FDB020955,20962,2019-08-01 18:42:01 UTC,2019-08-01 18:42:01 UTC,,
1001,FDB008284,30418,2019-08-01 18:42:01 UTC,2019-08-01 18:42:01 UTC,,
1002,FDB007920,20078,2019-08-01 18:42:01 UTC,2019-08-01 18:42:01 UTC,,
1003,FDB003399,3399,2019-08-01 18:42:01 UTC,2019-08-01 18:42:01 UTC,,
1004,FDB021898,5418,2019-08-01 18:42:02 UTC,2019-08-01 18:42:02 UTC,,
1005,FDB022427,30570,2019-08-01 18:42:02 UTC,2019-08-01 18:42:02 UTC,,
1006,FDB006708,556,2019-08-01 18:42:02 UTC,2019-08-01 18:42:02 UTC,,
1007,FDB021925,4049,2019-08-01 18:42:02 UTC,2019-08-01 18:42:02 UTC,,
1008,FDB031281,2253,2019-08-01 18:42:02 UTC,2019-08-01 18:42:02 UTC,,
1009,FDB022209,31323,2019-08-01 18:42:02 UTC,2019-08-01 18:42:02 UTC,,
1010,FDB008280,31207,2019-08-01 18:42:02 UTC,2019-08-01 18:42:02 UTC,,
1011,FDB023838,30338,2019-08-01 18:42:02 UTC,2019-08-01 18:42:02 UTC,,
1012,FDB009508,756,2019-08-01 18:42:02 UTC,2019-08-01 18:42:02 UTC,,
1013,FDB008276,8276,2019-08-01 18:42:02 UTC,2019-08-01 18:42:02 UTC,,
1014,FDB012427,1913,2019-08-01 18:42:02 UTC,2019-08-01 18:42:02 UTC,,
1015,FDB001915,21151,2019-08-01 18:42:02 UTC,2019-08-01 18:42:02 UTC,,
1016,FDB031249,23073,2019-08-01 18:42:02 UTC,2019-08-01 18:42:02 UTC,,
1017,FDB022417,31413,2019-08-01 18:42:02 UTC,2019-08-01 18:42:02 UTC,,
1018,FDB004945,14525,2019-08-01 18:42:02 UTC,2019-08-01 18:42:02 UTC,,
1019,FDB015824,6219,2019-08-01 18:42:02 UTC,2019-08-01 18:42:02 UTC,,
1020,FDB013986,13988,2019-08-01 18:42:03 UTC,2019-08-01 18:42:03 UTC,,
1021,FDB015872,11285,2019-08-01 18:42:03 UTC,2019-08-01 18:42:03 UTC,,
1022,FDB020259,20265,2019-08-01 18:42:03 UTC,2019-08-01 18:42:03 UTC,,
1023,FDB013576,20452,2019-08-01 18:42:03 UTC,2019-08-01 18:42:03 UTC,,
1024,FDB013577,21788,2019-08-01 18:42:03 UTC,2019-08-01 18:42:03 UTC,,
1025,FDB018597,15835,2019-08-01 18:42:03 UTC,2019-08-01 18:42:03 UTC,,
1026,FDB022953,24177,2019-08-01 18:42:03 UTC,2019-08-01 18:42:03 UTC,,
1027,FDB024019,24165,2019-08-01 18:42:03 UTC,2019-08-01 18:42:03 UTC,,
1028,FDB010633,10633,2019-08-01 18:42:03 UTC,2019-08-01 18:42:03 UTC,,
1029,FDB007034,7034,2019-08-01 18:42:04 UTC,2019-08-01 18:42:04 UTC,,
1030,FDB021173,21180,2019-08-01 18:42:04 UTC,2019-08-01 18:42:04 UTC,,
1031,FDB006414,6414,2019-08-01 18:42:04 UTC,2019-08-01 18:42:04 UTC,,
1032,FDB020884,15237,2019-08-01 18:42:04 UTC,2019-08-01 18:42:04 UTC,,
1033,FDB023958,23433,2019-08-01 18:42:04 UTC,2019-08-01 18:42:04 UTC,,
1034,FDB018788,1060,2019-08-01 18:42:04 UTC,2019-08-01 18:42:04 UTC,,
1035,FDB020882,13038,2019-08-01 18:42:04 UTC,2019-08-01 18:42:04 UTC,,
1036,FDB018582,13178,2019-08-01 18:42:04 UTC,2019-08-01 18:42:04 UTC,,
1037,FDB019165,19180,2019-08-01 18:42:04 UTC,2019-08-01 18:42:04 UTC,,
1038,FDB013949,2385,2019-08-01 18:42:04 UTC,2019-08-01 18:42:04 UTC,,
1039,FDB013808,10929,2019-08-01 18:42:04 UTC,2019-08-01 18:42:04 UTC,,
1040,FDB014184,13196,2019-08-01 18:42:04 UTC,2019-08-01 18:42:04 UTC,,
1041,FDB019141,30363,2019-08-01 18:42:04 UTC,2019-08-01 18:42:04 UTC,,
1042,FDB002278,17113,2019-08-01 18:42:04 UTC,2019-08-01 18:42:04 UTC,,
1043,FDB002315,2314,2019-08-01 18:42:05 UTC,2019-08-01 18:42:05 UTC,,
1044,FDB011735,11736,2019-08-01 18:42:05 UTC,2019-08-01 18:42:05 UTC,,
1045,FDB018263,18269,2019-08-01 18:42:05 UTC,2019-08-01 18:42:05 UTC,,
1046,FDB017697,18268,2019-08-01 18:42:05 UTC,2019-08-01 18:42:05 UTC,,
1047,FDB016768,16772,2019-08-01 18:42:05 UTC,2019-08-01 18:42:05 UTC,,
1048,FDB019356,19362,2019-08-01 18:42:05 UTC,2019-08-01 18:42:05 UTC,,
1049,FDB015285,15288,2019-08-01 18:42:05 UTC,2019-08-01 18:42:05 UTC,,
1050,FDB002307,2305,2019-08-01 18:42:05 UTC,2019-08-01 18:42:05 UTC,,
1051,FDB015105,15107,2019-08-01 18:42:05 UTC,2019-08-01 18:42:05 UTC,,
1052,FDB002055,2054,2019-08-01 18:42:05 UTC,2019-08-01 18:42:05 UTC,,
1053,FDB000123,122,2019-08-01 18:42:06 UTC,2019-08-01 18:42:06 UTC,,
1054,FDB020816,12032,2019-08-01 18:42:06 UTC,2019-08-01 18:42:06 UTC,,
1055,FDB015107,15109,2019-08-01 18:42:06 UTC,2019-08-01 18:42:06 UTC,,
1056,FDB015146,15149,2019-08-01 18:42:06 UTC,2019-08-01 18:42:06 UTC,,
1057,FDB021018,21025,2019-08-01 18:42:06 UTC,2019-08-01 18:42:06 UTC,,
1058,FDB015378,15384,2019-08-01 18:42:06 UTC,2019-08-01 18:42:06 UTC,,
1059,FDB013097,13081,2019-08-01 18:42:06 UTC,2019-08-01 18:42:06 UTC,,
1060,FDB020889,20895,2019-08-01 18:42:06 UTC,2019-08-01 18:42:06 UTC,,
1061,FDB013436,13438,2019-08-01 18:42:06 UTC,2019-08-01 18:42:06 UTC,,
1062,FDB003425,13009,2019-08-01 18:42:06 UTC,2019-08-01 18:42:06 UTC,,
1063,FDB011538,11544,2019-08-01 18:42:06 UTC,2019-08-01 18:42:06 UTC,,
1064,FDB019829,19835,2019-08-01 18:42:06 UTC,2019-08-01 18:42:06 UTC,,
1065,FDB002964,20691,2019-08-01 18:42:06 UTC,2019-08-01 18:42:06 UTC,,
1066,FDB020885,19514,2019-08-01 18:42:06 UTC,2019-08-01 18:42:06 UTC,,
1067,FDB018574,18578,2019-08-01 18:42:07 UTC,2019-08-01 18:42:07 UTC,,
1068,FDB012788,12790,2019-08-01 18:42:07 UTC,2019-08-01 18:42:07 UTC,,
1069,FDB020685,3017,2019-08-01 18:42:07 UTC,2019-08-01 18:42:07 UTC,,
1070,FDB018583,13176,2019-08-01 18:42:07 UTC,2019-08-01 18:42:07 UTC,,
1071,FDB020899,20908,2019-08-01 18:42:07 UTC,2019-08-01 18:42:07 UTC,,
1072,FDB020254,20260,2019-08-01 18:42:07 UTC,2019-08-01 18:42:07 UTC,,
1073,FDB019180,20472,2019-08-01 18:42:07 UTC,2019-08-01 18:42:07 UTC,,
1074,FDB013948,13950,2019-08-01 18:42:07 UTC,2019-08-01 18:42:07 UTC,,
1075,FDB022399,31397,2019-08-01 18:42:07 UTC,2019-08-01 18:42:07 UTC,,
1076,FDB012588,31116,2019-08-01 18:42:07 UTC,2019-08-01 18:42:07 UTC,,
1077,FDB031066,23345,2019-08-01 18:42:07 UTC,2019-08-01 18:42:07 UTC,,
1078,FDB012614,31195,2019-08-01 18:42:07 UTC,2019-08-01 18:42:07 UTC,,
1079,FDB021554,21471,2019-08-01 18:42:08 UTC,2019-08-01 18:42:08 UTC,,
1080,FDB011618,11620,2019-08-01 18:42:08 UTC,2019-08-01 18:42:08 UTC,,
1081,FDB001479,31238,2019-08-01 18:42:08 UTC,2019-08-01 18:42:08 UTC,,
1082,FDB031273,22606,2019-08-01 18:42:08 UTC,2019-08-01 18:42:08 UTC,,
1083,FDB021890,30719,2019-08-01 18:42:08 UTC,2019-08-01 18:42:08 UTC,,
1084,FDB031153,1613,2019-08-01 18:42:08 UTC,2019-08-01 18:42:08 UTC,,
1085,FDB012544,30301,2019-08-01 18:42:08 UTC,2019-08-01 18:42:08 UTC,,
1086,FDB003232,10114,2019-08-01 18:42:09 UTC,2019-08-01 18:42:09 UTC,,
1087,FDB030818,11933,2019-08-01 18:42:09 UTC,2019-08-01 18:42:09 UTC,,
1088,FDB003359,30519,2019-08-01 18:42:09 UTC,2019-08-01 18:42:09 UTC,,
1089,FDB031188,22679,2019-08-01 18:42:09 UTC,2019-08-01 18:42:09 UTC,,
1090,FDB031187,1931,2019-08-01 18:42:09 UTC,2019-08-01 18:42:09 UTC,,
1091,FDB007218,8115,2019-08-01 18:42:09 UTC,2019-08-01 18:42:09 UTC,,
1092,FDB000257,1110,2019-08-01 18:42:09 UTC,2019-08-01 18:42:09 UTC,,
1093,FDB015347,30405,2019-08-01 18:42:10 UTC,2019-08-01 18:42:10 UTC,,
1094,FDB030958,12570,2019-08-01 18:42:10 UTC,2019-08-01 18:42:10 UTC,,
1095,FDB024087,30514,2019-08-01 18:42:10 UTC,2019-08-01 18:42:10 UTC,,
1096,FDB021879,30629,2019-08-01 18:42:10 UTC,2019-08-01 18:42:10 UTC,,
1097,FDB030673,12649,2019-08-01 18:42:10 UTC,2019-08-01 18:42:10 UTC,,
1098,FDB003383,30866,2019-08-01 18:42:10 UTC,2019-08-01 18:42:10 UTC,,
1099,FDB012062,31194,2019-08-01 18:42:10 UTC,2019-08-01 18:42:10 UTC,,
1100,FDB008675,21554,2019-08-01 18:42:10 UTC,2019-08-01 18:42:10 UTC,,
1101,FDB010709,10713,2019-08-01 18:42:10 UTC,2019-08-01 18:42:10 UTC,,
1102,FDB003665,3725,2019-08-01 18:42:10 UTC,2019-08-01 18:42:10 UTC,,
1103,FDB010708,10712,2019-08-01 18:42:10 UTC,2019-08-01 18:42:10 UTC,,
1104,FDB003638,3652,2019-08-01 18:42:10 UTC,2019-08-01 18:42:10 UTC,,
1105,FDB007899,7898,2019-08-01 18:42:10 UTC,2019-08-01 18:42:10 UTC,,
1106,FDB003648,12816,2019-08-01 18:42:10 UTC,2019-08-01 18:42:10 UTC,,
1107,FDB008290,7402,2019-08-01 18:42:10 UTC,2019-08-01 18:42:10 UTC,,
1108,FDB030488,22575,2019-08-01 18:42:11 UTC,2019-08-01 18:42:11 UTC,,
1109,FDB003567,4024,2019-08-01 18:42:11 UTC,2019-08-01 18:42:11 UTC,,
1110,FDB022878,30320,2019-08-01 18:42:11 UTC,2019-08-01 18:42:11 UTC,,
1111,FDB022955,30306,2019-08-01 18:42:11 UTC,2019-08-01 18:42:11 UTC,,
1112,FDB008937,30652,2019-08-01 18:42:11 UTC,2019-08-01 18:42:11 UTC,,
1113,FDB000535,534,2019-08-01 18:42:11 UTC,2019-08-01 18:42:11 UTC,,
1114,FDB012730,12314,2019-08-01 18:42:12 UTC,2019-08-01 18:42:12 UTC,,
1115,FDB000976,2653,2019-08-01 18:42:12 UTC,2019-08-01 18:42:12 UTC,,
1116,FDB013099,13101,2019-08-01 18:42:12 UTC,2019-08-01 18:42:12 UTC,,
1117,FDB020891,20898,2019-08-01 18:42:12 UTC,2019-08-01 18:42:12 UTC,,
1118,FDB018839,18845,2019-08-01 18:42:12 UTC,2019-08-01 18:42:12 UTC,,
1119,FDB014475,20673,2019-08-01 18:42:12 UTC,2019-08-01 18:42:12 UTC,,
1120,FDB013438,13440,2019-08-01 18:42:12 UTC,2019-08-01 18:42:12 UTC,,
1121,FDB011777,18115,2019-08-01 18:42:12 UTC,2019-08-01 18:42:12 UTC,,
1122,FDB020679,20688,2019-08-01 18:42:12 UTC,2019-08-01 18:42:12 UTC,,
1123,FDB013599,14037,2019-08-01 18:42:12 UTC,2019-08-01 18:42:12 UTC,,
1124,FDB013049,20278,2019-08-01 18:42:12 UTC,2019-08-01 18:42:12 UTC,,
1125,FDB018993,18998,2019-08-01 18:42:12 UTC,2019-08-01 18:42:12 UTC,,
1126,FDB003125,3125,2019-08-01 18:42:12 UTC,2019-08-01 18:42:12 UTC,,
1127,FDB017076,17088,2019-08-01 18:42:12 UTC,2019-08-01 18:42:12 UTC,,
1128,FDB017082,17087,2019-08-01 18:42:13 UTC,2019-08-01 18:42:13 UTC,,
1129,FDB003676,20710,2019-08-01 18:42:13 UTC,2019-08-01 18:42:13 UTC,,
1130,FDB005496,2913,2019-08-01 18:42:13 UTC,2019-08-01 18:42:13 UTC,,
1131,FDB002129,2128,2019-08-01 18:42:13 UTC,2019-08-01 18:42:13 UTC,,
1132,FDB020563,20570,2019-08-01 18:42:13 UTC,2019-08-01 18:42:13 UTC,,
1133,FDB010749,13685,2019-08-01 18:42:13 UTC,2019-08-01 18:42:13 UTC,,
1134,FDB022863,13231,2019-08-01 18:42:13 UTC,2019-08-01 18:42:13 UTC,,
1135,FDB004448,1530,2019-08-01 18:42:13 UTC,2019-08-01 18:42:13 UTC,,
1136,FDB022808,30628,2019-08-01 18:42:13 UTC,2019-08-01 18:42:13 UTC,,
1137,FDB030964,22663,2019-08-01 18:42:13 UTC,2019-08-01 18:42:13 UTC,,
1138,FDB012875,12877,2019-08-01 18:42:13 UTC,2019-08-01 18:42:13 UTC,,
1139,FDB011876,8136,2019-08-01 18:42:13 UTC,2019-08-01 18:42:13 UTC,,
1140,FDB020378,8111,2019-08-01 18:42:13 UTC,2019-08-01 18:42:13 UTC,,
1141,FDB021758,3805,2019-08-01 18:42:13 UTC,2019-08-01 18:42:13 UTC,,
1142,FDB007451,22388,2019-08-01 18:42:13 UTC,2019-08-01 18:42:13 UTC,,
1143,FDB008848,8847,2019-08-01 18:42:14 UTC,2019-08-01 18:42:14 UTC,,
1144,FDB000465,12743,2019-08-01 18:42:14 UTC,2019-08-01 18:42:14 UTC,,
1145,FDB030892,9021,2019-08-01 18:42:14 UTC,2019-08-01 18:42:14 UTC,,
1146,FDB022650,31434,2019-08-01 18:42:14 UTC,2019-08-01 18:42:14 UTC,,
1147,FDB030797,24126,2019-08-01 18:42:14 UTC,2019-08-01 18:42:14 UTC,,
1148,FDB022290,30965,2019-08-01 18:42:14 UTC,2019-08-01 18:42:14 UTC,,
1149,FDB031296,31435,2019-08-01 18:42:14 UTC,2019-08-01 18:42:14 UTC,,
1150,FDB009998,3655,2019-08-01 18:42:14 UTC,2019-08-01 18:42:14 UTC,,
1151,FDB030584,22604,2019-08-01 18:42:14 UTC,2019-08-01 18:42:14 UTC,,
1152,FDB008231,11154,2019-08-01 18:42:14 UTC,2019-08-01 18:42:14 UTC,,
1153,FDB030444,8132,2019-08-01 18:42:14 UTC,2019-08-01 18:42:14 UTC,,
1154,FDB021451,21559,2019-08-01 18:42:14 UTC,2019-08-01 18:42:14 UTC,,
1155,FDB022569,31109,2019-08-01 18:42:14 UTC,2019-08-01 18:42:14 UTC,,
1156,FDB030829,22597,2019-08-01 18:42:14 UTC,2019-08-01 18:42:14 UTC,,
1157,FDB014096,14340,2019-08-01 18:42:14 UTC,2019-08-01 18:42:14 UTC,,
1158,FDB031247,15354,2019-08-01 18:42:15 UTC,2019-08-01 18:42:15 UTC,,
1159,FDB010897,4220,2019-08-01 18:42:15 UTC,2019-08-01 18:42:15 UTC,,
1160,FDB000911,4321,2019-08-01 18:42:15 UTC,2019-08-01 18:42:15 UTC,,
1161,FDB006726,4223,2019-08-01 18:42:15 UTC,2019-08-01 18:42:15 UTC,,
1162,FDB004061,11165,2019-08-01 18:42:15 UTC,2019-08-01 18:42:15 UTC,,
1163,FDB023247,31078,2019-08-01 18:42:15 UTC,2019-08-01 18:42:15 UTC,,
1164,FDB012464,30671,2019-08-01 18:42:15 UTC,2019-08-01 18:42:15 UTC,,
1165,FDB030169,23312,2019-08-01 18:42:15 UTC,2019-08-01 18:42:15 UTC,,
1166,FDB030947,12648,2019-08-01 18:42:15 UTC,2019-08-01 18:42:15 UTC,,
1167,FDB021892,30718,2019-08-01 18:42:15 UTC,2019-08-01 18:42:15 UTC,,
1168,FDB022269,31196,2019-08-01 18:42:15 UTC,2019-08-01 18:42:15 UTC,,
1169,FDB012018,12017,2019-08-01 18:42:15 UTC,2019-08-01 18:42:15 UTC,,
1170,FDB022879,16736,2019-08-01 18:42:16 UTC,2019-08-01 18:42:16 UTC,,
1171,FDB016567,3198,2019-08-01 18:42:16 UTC,2019-08-01 18:42:16 UTC,,
1172,FDB030441,12253,2019-08-01 18:42:16 UTC,2019-08-01 18:42:16 UTC,,
1173,FDB011626,30516,2019-08-01 18:42:16 UTC,2019-08-01 18:42:16 UTC,,
1174,FDB011588,8193,2019-08-01 18:42:16 UTC,2019-08-01 18:42:16 UTC,,
1175,FDB020289,20292,2019-08-01 18:42:16 UTC,2019-08-01 18:42:16 UTC,,
1176,FDB029195,30569,2019-08-01 18:42:16 UTC,2019-08-01 18:42:16 UTC,,
1177,FDB030562,22615,2019-08-01 18:42:16 UTC,2019-08-01 18:42:16 UTC,,
1178,FDB022847,31126,2019-08-01 18:42:16 UTC,2019-08-01 18:42:16 UTC,,
1179,FDB000988,19380,2019-08-01 18:42:16 UTC,2019-08-01 18:42:16 UTC,,
1180,FDB017093,17114,2019-08-01 18:42:16 UTC,2019-08-01 18:42:16 UTC,,
1181,FDB003181,3181,2019-08-01 18:42:16 UTC,2019-08-01 18:42:16 UTC,,
1182,FDB001622,30674,2019-08-01 18:42:16 UTC,2019-08-01 18:42:16 UTC,,
1183,FDB004788,9559,2019-08-01 18:42:16 UTC,2019-08-01 18:42:16 UTC,,
1184,FDB008084,8084,2019-08-01 18:42:16 UTC,2019-08-01 18:42:16 UTC,,
1185,FDB008089,21929,2019-08-01 18:42:16 UTC,2019-08-01 18:42:16 UTC,,
1186,FDB003173,3173,2019-08-01 18:42:16 UTC,2019-08-01 18:42:16 UTC,,
1187,FDB021448,21456,2019-08-01 18:42:16 UTC,2019-08-01 18:42:16 UTC,,
1188,FDB003239,3242,2019-08-01 18:42:16 UTC,2019-08-01 18:42:16 UTC,,
1189,FDB012607,30673,2019-08-01 18:42:16 UTC,2019-08-01 18:42:16 UTC,,
1190,FDB028796,30349,2019-08-01 18:42:17 UTC,2019-08-01 18:42:17 UTC,,
1191,FDB005950,4208,2019-08-01 18:42:17 UTC,2019-08-01 18:42:17 UTC,,
1192,FDB022595,30596,2019-08-01 18:42:17 UTC,2019-08-01 18:42:17 UTC,,
1193,FDB020526,20533,2019-08-01 18:42:17 UTC,2019-08-01 18:42:17 UTC,,
1194,FDB015388,3586,2019-08-01 18:42:17 UTC,2019-08-01 18:42:17 UTC,,
1195,FDB021323,21331,2019-08-01 18:42:17 UTC,2019-08-01 18:42:17 UTC,,
1196,FDB003662,3562,2019-08-01 18:42:17 UTC,2019-08-01 18:42:17 UTC,,
1197,FDB003586,3169,2019-08-01 18:42:17 UTC,2019-08-01 18:42:17 UTC,,
1198,FDB030906,23336,2019-08-01 18:42:17 UTC,2019-08-01 18:42:17 UTC,,
1199,FDB023339,30643,2019-08-01 18:42:17 UTC,2019-08-01 18:42:17 UTC,,
1200,FDB030970,546,2019-08-01 18:42:17 UTC,2019-08-01 18:42:17 UTC,,
1201,FDB000548,547,2019-08-01 18:42:17 UTC,2019-08-01 18:42:17 UTC,,
1202,FDB030481,23377,2019-08-01 18:42:17 UTC,2019-08-01 18:42:17 UTC,,
1203,FDB022519,10646,2019-08-01 18:42:17 UTC,2019-08-01 18:42:17 UTC,,
1204,FDB000528,527,2019-08-01 18:42:17 UTC,2019-08-01 18:42:17 UTC,,
1205,FDB011879,12198,2019-08-01 18:42:17 UTC,2019-08-01 18:42:17 UTC,,
1206,FDB002270,523,2019-08-01 18:42:17 UTC,2019-08-01 18:42:17 UTC,,
1207,FDB029658,4314,2019-08-01 18:42:17 UTC,2019-08-01 18:42:17 UTC,,
1208,FDB022440,30775,2019-08-01 18:42:17 UTC,2019-08-01 18:42:17 UTC,,
1209,FDB008202,8202,2019-08-01 18:42:18 UTC,2019-08-01 18:42:18 UTC,,
1210,FDB008080,31067,2019-08-01 18:42:18 UTC,2019-08-01 18:42:18 UTC,,
1211,FDB008094,8094,2019-08-01 18:42:18 UTC,2019-08-01 18:42:18 UTC,,
1212,FDB008205,8204,2019-08-01 18:42:18 UTC,2019-08-01 18:42:18 UTC,,
1213,FDB011927,12548,2019-08-01 18:42:18 UTC,2019-08-01 18:42:18 UTC,,
1214,FDB016284,16290,2019-08-01 18:42:18 UTC,2019-08-01 18:42:18 UTC,,
1215,FDB003795,20152,2019-08-01 18:42:18 UTC,2019-08-01 18:42:18 UTC,,
1216,FDB009392,20148,2019-08-01 18:42:18 UTC,2019-08-01 18:42:18 UTC,,
1217,FDB031157,22581,2019-08-01 18:42:18 UTC,2019-08-01 18:42:18 UTC,,
1218,FDB010714,10714,2019-08-01 18:42:19 UTC,2019-08-01 18:42:19 UTC,,
1219,FDB010715,10715,2019-08-01 18:42:19 UTC,2019-08-01 18:42:19 UTC,,
1220,FDB003719,3537,2019-08-01 18:42:19 UTC,2019-08-01 18:42:19 UTC,,
1221,FDB018894,18078,2019-08-01 18:42:19 UTC,2019-08-01 18:42:19 UTC,,
1222,FDB009257,3405,2019-08-01 18:42:19 UTC,2019-08-01 18:42:19 UTC,,
1223,FDB020393,3208,2019-08-01 18:42:19 UTC,2019-08-01 18:42:19 UTC,,
1224,FDB022550,30774,2019-08-01 18:42:19 UTC,2019-08-01 18:42:19 UTC,,
1225,FDB022566,31164,2019-08-01 18:42:19 UTC,2019-08-01 18:42:19 UTC,,
1226,FDB030579,22704,2019-08-01 18:42:19 UTC,2019-08-01 18:42:19 UTC,,
1227,FDB030771,31428,2019-08-01 18:42:19 UTC,2019-08-01 18:42:19 UTC,,
1228,FDB023183,31454,2019-08-01 18:42:19 UTC,2019-08-01 18:42:19 UTC,,
1229,FDB030954,2257,2019-08-01 18:42:20 UTC,2019-08-01 18:42:20 UTC,,
1230,FDB008074,8074,2019-08-01 18:42:20 UTC,2019-08-01 18:42:20 UTC,,
1231,FDB022420,31165,2019-08-01 18:42:20 UTC,2019-08-01 18:42:20 UTC,,
1232,FDB030799,11679,2019-08-01 18:42:20 UTC,2019-08-01 18:42:20 UTC,,
1233,FDB030767,6454,2019-08-01 18:42:20 UTC,2019-08-01 18:42:20 UTC,,
1234,FDB030993,22836,2019-08-01 18:42:20 UTC,2019-08-01 18:42:20 UTC,,
1235,FDB004962,374,2019-08-01 18:42:20 UTC,2019-08-01 18:42:20 UTC,,
1236,FDB030688,885,2019-08-01 18:42:20 UTC,2019-08-01 18:42:20 UTC,,
1237,FDB016899,19212,2019-08-01 18:42:20 UTC,2019-08-01 18:42:20 UTC,,
1238,FDB023277,31239,2019-08-01 18:42:20 UTC,2019-08-01 18:42:20 UTC,,
1239,FDB014664,4574,2019-08-01 18:42:20 UTC,2019-08-01 18:42:20 UTC,,
1240,FDB013908,4392,2019-08-01 18:42:20 UTC,2019-08-01 18:42:20 UTC,,
1241,FDB009804,20207,2019-08-01 18:42:20 UTC,2019-08-01 18:42:20 UTC,,
1242,FDB007346,3361,2019-08-01 18:42:20 UTC,2019-08-01 18:42:20 UTC,,
1243,FDB016215,20388,2019-08-01 18:42:20 UTC,2019-08-01 18:42:20 UTC,,
1244,FDB030957,1224,2019-08-01 18:42:20 UTC,2019-08-01 18:42:20 UTC,,
1245,FDB012586,30898,2019-08-01 18:42:20 UTC,2019-08-01 18:42:20 UTC,,
1246,FDB030365,13483,2019-08-01 18:42:21 UTC,2019-08-01 18:42:21 UTC,,
1247,FDB010974,30675,2019-08-01 18:42:21 UTC,2019-08-01 18:42:21 UTC,,
1248,FDB008198,8198,2019-08-01 18:42:21 UTC,2019-08-01 18:42:21 UTC,,
1249,FDB021559,4439,2019-08-01 18:42:21 UTC,2019-08-01 18:42:21 UTC,,
1250,FDB021558,4430,2019-08-01 18:42:21 UTC,2019-08-01 18:42:21 UTC,,
1251,FDB009606,4424,2019-08-01 18:42:21 UTC,2019-08-01 18:42:21 UTC,,
1252,FDB011723,6152,2019-08-01 18:42:21 UTC,2019-08-01 18:42:21 UTC,,
1253,FDB028883,30503,2019-08-01 18:42:21 UTC,2019-08-01 18:42:21 UTC,,
1254,FDB028806,30277,2019-08-01 18:42:21 UTC,2019-08-01 18:42:21 UTC,,
1255,FDB003991,31335,2019-08-01 18:42:21 UTC,2019-08-01 18:42:21 UTC,,
1256,FDB008065,21441,2019-08-01 18:42:21 UTC,2019-08-01 18:42:21 UTC,,
1257,FDB008148,8148,2019-08-01 18:42:22 UTC,2019-08-01 18:42:22 UTC,,
1258,FDB008162,8162,2019-08-01 18:42:22 UTC,2019-08-01 18:42:22 UTC,,
1259,FDB008062,14144,2019-08-01 18:42:22 UTC,2019-08-01 18:42:22 UTC,,
1260,FDB017641,8342,2019-08-01 18:42:22 UTC,2019-08-01 18:42:22 UTC,,
1261,FDB017567,8096,2019-08-01 18:42:22 UTC,2019-08-01 18:42:22 UTC,,
1262,FDB016566,3193,2019-08-01 18:42:22 UTC,2019-08-01 18:42:22 UTC,,
1263,FDB028813,30276,2019-08-01 18:42:22 UTC,2019-08-01 18:42:22 UTC,,
1264,FDB011983,30278,2019-08-01 18:42:22 UTC,2019-08-01 18:42:22 UTC,,
1265,FDB019826,18435,2019-08-01 18:42:22 UTC,2019-08-01 18:42:22 UTC,,
1266,FDB015272,3411,2019-08-01 18:42:22 UTC,2019-08-01 18:42:22 UTC,,
1267,FDB023152,31183,2019-08-01 18:42:22 UTC,2019-08-01 18:42:22 UTC,,
1268,FDB022583,31114,2019-08-01 18:42:22 UTC,2019-08-01 18:42:22 UTC,,
1269,FDB008479,6216,2019-08-01 18:42:22 UTC,2019-08-01 18:42:22 UTC,,
1270,FDB021239,21248,2019-08-01 18:42:22 UTC,2019-08-01 18:42:22 UTC,,
1271,FDB008225,8225,2019-08-01 18:42:22 UTC,2019-08-01 18:42:22 UTC,,
1272,FDB015096,3809,2019-08-01 18:42:22 UTC,2019-08-01 18:42:22 UTC,,
1273,FDB017297,9375,2019-08-01 18:42:22 UTC,2019-08-01 18:42:22 UTC,,
1274,FDB018982,3806,2019-08-01 18:42:22 UTC,2019-08-01 18:42:22 UTC,,
1275,FDB004643,12194,2019-08-01 18:42:23 UTC,2019-08-01 18:42:23 UTC,,
1276,FDB011883,12333,2019-08-01 18:42:23 UTC,2019-08-01 18:42:23 UTC,,
1277,FDB011575,11577,2019-08-01 18:42:23 UTC,2019-08-01 18:42:23 UTC,,
1278,FDB005543,11139,2019-08-01 18:42:23 UTC,2019-08-01 18:42:23 UTC,,
1279,FDB021913,31305,2019-08-01 18:42:23 UTC,2019-08-01 18:42:23 UTC,,
1280,FDB003871,12459,2019-08-01 18:42:23 UTC,2019-08-01 18:42:23 UTC,,
1281,FDB000882,31327,2019-08-01 18:42:23 UTC,2019-08-01 18:42:23 UTC,,
1282,FDB006294,845,2019-08-01 18:42:23 UTC,2019-08-01 18:42:23 UTC,,
1283,FDB000847,31298,2019-08-01 18:42:23 UTC,2019-08-01 18:42:23 UTC,,
1284,FDB030679,896,2019-08-01 18:42:23 UTC,2019-08-01 18:42:23 UTC,,
1285,FDB004976,12457,2019-08-01 18:42:23 UTC,2019-08-01 18:42:23 UTC,,
1286,FDB021489,8746,2019-08-01 18:42:23 UTC,2019-08-01 18:42:23 UTC,,
1287,FDB029778,8404,2019-08-01 18:42:23 UTC,2019-08-01 18:42:23 UTC,,
1288,FDB010959,4393,2019-08-01 18:42:23 UTC,2019-08-01 18:42:23 UTC,,
1289,FDB000666,20499,2019-08-01 18:42:24 UTC,2019-08-01 18:42:24 UTC,,
1290,FDB017732,2100,2019-08-01 18:42:24 UTC,2019-08-01 18:42:24 UTC,,
1291,FDB022854,30350,2019-08-01 18:42:24 UTC,2019-08-01 18:42:24 UTC,,
1292,FDB008876,4552,2019-08-01 18:42:24 UTC,2019-08-01 18:42:24 UTC,,
1293,FDB007516,12155,2019-08-01 18:42:24 UTC,2019-08-01 18:42:24 UTC,,
1294,FDB012695,31396,2019-08-01 18:42:24 UTC,2019-08-01 18:42:24 UTC,,
1295,FDB031059,22803,2019-08-01 18:42:24 UTC,2019-08-01 18:42:24 UTC,,
1296,FDB000895,16819,2019-08-01 18:42:24 UTC,2019-08-01 18:42:24 UTC,,
1297,FDB029773,20028,2019-08-01 18:42:24 UTC,2019-08-01 18:42:24 UTC,,
1298,FDB009405,20029,2019-08-01 18:42:24 UTC,2019-08-01 18:42:24 UTC,,
1299,FDB022552,31303,2019-08-01 18:42:24 UTC,2019-08-01 18:42:24 UTC,,
1300,FDB007689,9957,2019-08-01 18:42:24 UTC,2019-08-01 18:42:24 UTC,,
1301,FDB009956,29816,2019-08-01 18:42:24 UTC,2019-08-01 18:42:24 UTC,,
1302,FDB017992,29944,2019-08-01 18:42:24 UTC,2019-08-01 18:42:24 UTC,,
1303,FDB018687,23386,2019-08-01 18:42:24 UTC,2019-08-01 18:42:24 UTC,,
1304,FDB030977,3604,2019-08-01 18:42:24 UTC,2019-08-01 18:42:24 UTC,,
1305,FDB030558,22667,2019-08-01 18:42:24 UTC,2019-08-01 18:42:24 UTC,,
1306,FDB019847,19853,2019-08-01 18:42:24 UTC,2019-08-01 18:42:24 UTC,,
1307,FDB007151,7151,2019-08-01 18:42:24 UTC,2019-08-01 18:42:24 UTC,,
1308,FDB009189,6479,2019-08-01 18:42:24 UTC,2019-08-01 18:42:24 UTC,,
1309,FDB016871,17649,2019-08-01 18:42:25 UTC,2019-08-01 18:42:25 UTC,,
1310,FDB004342,10405,2019-08-01 18:42:25 UTC,2019-08-01 18:42:25 UTC,,
1311,FDB009389,20385,2019-08-01 18:42:25 UTC,2019-08-01 18:42:25 UTC,,
1312,FDB017564,9392,2019-08-01 18:42:25 UTC,2019-08-01 18:42:25 UTC,,
1313,FDB022544,30715,2019-08-01 18:42:25 UTC,2019-08-01 18:42:25 UTC,,
1314,FDB002168,2166,2019-08-01 18:42:25 UTC,2019-08-01 18:42:25 UTC,,
1315,FDB031138,31393,2019-08-01 18:42:25 UTC,2019-08-01 18:42:25 UTC,,
1316,FDB022253,31188,2019-08-01 18:42:25 UTC,2019-08-01 18:42:25 UTC,,
1317,FDB022279,31187,2019-08-01 18:42:25 UTC,2019-08-01 18:42:25 UTC,,
1318,FDB021906,31185,2019-08-01 18:42:25 UTC,2019-08-01 18:42:25 UTC,,
1319,FDB022426,31191,2019-08-01 18:42:25 UTC,2019-08-01 18:42:25 UTC,,
1320,FDB030585,22523,2019-08-01 18:42:25 UTC,2019-08-01 18:42:25 UTC,,
1321,FDB023067,31180,2019-08-01 18:42:25 UTC,2019-08-01 18:42:25 UTC,,
1322,FDB014509,14511,2019-08-01 18:42:25 UTC,2019-08-01 18:42:25 UTC,,
1323,FDB021757,3347,2019-08-01 18:42:25 UTC,2019-08-01 18:42:25 UTC,,
1324,FDB009960,16168,2019-08-01 18:42:25 UTC,2019-08-01 18:42:25 UTC,,
1325,FDB003345,5051,2019-08-01 18:42:25 UTC,2019-08-01 18:42:25 UTC,,
1326,FDB003349,3351,2019-08-01 18:42:25 UTC,2019-08-01 18:42:25 UTC,,
1327,FDB000729,730,2019-08-01 18:42:26 UTC,2019-08-01 18:42:26 UTC,,
1328,FDB008215,8215,2019-08-01 18:42:26 UTC,2019-08-01 18:42:26 UTC,,
1329,FDB015055,15022,2019-08-01 18:42:26 UTC,2019-08-01 18:42:26 UTC,,
1330,FDB008108,14145,2019-08-01 18:42:26 UTC,2019-08-01 18:42:26 UTC,,
1331,FDB019018,1255,2019-08-01 18:42:26 UTC,2019-08-01 18:42:26 UTC,,
1332,FDB012584,3343,2019-08-01 18:42:26 UTC,2019-08-01 18:42:26 UTC,,
1333,FDB003387,424,2019-08-01 18:42:26 UTC,2019-08-01 18:42:26 UTC,,
1334,FDB011714,11716,2019-08-01 18:42:26 UTC,2019-08-01 18:42:26 UTC,,
1335,FDB021439,21447,2019-08-01 18:42:26 UTC,2019-08-01 18:42:26 UTC,,
1336,FDB013525,13194,2019-08-01 18:42:26 UTC,2019-08-01 18:42:26 UTC,,
1337,FDB012199,4134,2019-08-01 18:42:26 UTC,2019-08-01 18:42:26 UTC,,
1338,FDB007453,10542,2019-08-01 18:42:26 UTC,2019-08-01 18:42:26 UTC,,
1339,FDB010396,807,2019-08-01 18:42:26 UTC,2019-08-01 18:42:26 UTC,,
1340,FDB023224,30286,2019-08-01 18:42:27 UTC,2019-08-01 18:42:27 UTC,,
1341,FDB010558,31263,2019-08-01 18:42:27 UTC,2019-08-01 18:42:27 UTC,,
1342,FDB008969,10589,2019-08-01 18:42:27 UTC,2019-08-01 18:42:27 UTC,,
1343,FDB030339,12334,2019-08-01 18:42:27 UTC,2019-08-01 18:42:27 UTC,,
1344,FDB023855,30549,2019-08-01 18:42:27 UTC,2019-08-01 18:42:27 UTC,,
1345,FDB021899,31070,2019-08-01 18:42:27 UTC,2019-08-01 18:42:27 UTC,,
1346,FDB030384,316,2019-08-01 18:42:27 UTC,2019-08-01 18:42:27 UTC,,
1347,FDB022719,30546,2019-08-01 18:42:27 UTC,2019-08-01 18:42:27 UTC,,
1348,FDB021663,22876,2019-08-01 18:42:27 UTC,2019-08-01 18:42:27 UTC,,
1349,FDB008266,8266,2019-08-01 18:42:27 UTC,2019-08-01 18:42:27 UTC,,
1350,FDB005823,10531,2019-08-01 18:42:27 UTC,2019-08-01 18:42:27 UTC,,
1351,FDB006573,10504,2019-08-01 18:42:27 UTC,2019-08-01 18:42:27 UTC,,
1352,FDB030691,8272,2019-08-01 18:42:27 UTC,2019-08-01 18:42:27 UTC,,
1353,FDB020182,10512,2019-08-01 18:42:27 UTC,2019-08-01 18:42:27 UTC,,
1354,FDB029822,23200,2019-08-01 18:42:28 UTC,2019-08-01 18:42:28 UTC,,
1355,FDB017136,19028,2019-08-01 18:42:28 UTC,2019-08-01 18:42:28 UTC,,
1356,FDB019660,11715,2019-08-01 18:42:28 UTC,2019-08-01 18:42:28 UTC,,
1357,FDB014705,13248,2019-08-01 18:42:28 UTC,2019-08-01 18:42:28 UTC,,
1358,FDB005818,5816,2019-08-01 18:42:28 UTC,2019-08-01 18:42:28 UTC,,
1359,FDB008268,8268,2019-08-01 18:42:28 UTC,2019-08-01 18:42:28 UTC,,
1360,FDB006937,10423,2019-08-01 18:42:28 UTC,2019-08-01 18:42:28 UTC,,
1361,FDB008269,8271,2019-08-01 18:42:28 UTC,2019-08-01 18:42:28 UTC,,
1362,FDB019928,4390,2019-08-01 18:42:28 UTC,2019-08-01 18:42:28 UTC,,
1363,FDB022651,30603,2019-08-01 18:42:28 UTC,2019-08-01 18:42:28 UTC,,
1364,FDB020392,20399,2019-08-01 18:42:28 UTC,2019-08-01 18:42:28 UTC,,
1365,FDB022940,30779,2019-08-01 18:42:28 UTC,2019-08-01 18:42:28 UTC,,
1366,FDB007966,1397,2019-08-01 18:42:28 UTC,2019-08-01 18:42:28 UTC,,
1367,FDB018312,18318,2019-08-01 18:42:28 UTC,2019-08-01 18:42:28 UTC,,
1368,FDB007509,31399,2019-08-01 18:42:28 UTC,2019-08-01 18:42:28 UTC,,
1369,FDB008348,11676,2019-08-01 18:42:28 UTC,2019-08-01 18:42:28 UTC,,
1370,FDB003089,6024,2019-08-01 18:42:29 UTC,2019-08-01 18:42:29 UTC,,
1371,FDB017574,3919,2019-08-01 18:42:29 UTC,2019-08-01 18:42:29 UTC,,
1372,FDB009909,17302,2019-08-01 18:42:29 UTC,2019-08-01 18:42:29 UTC,,
1373,FDB022478,31005,2019-08-01 18:42:29 UTC,2019-08-01 18:42:29 UTC,,
1374,FDB021929,31414,2019-08-01 18:42:29 UTC,2019-08-01 18:42:29 UTC,,
1375,FDB022349,30783,2019-08-01 18:42:29 UTC,2019-08-01 18:42:29 UTC,,
1376,FDB019834,19840,2019-08-01 18:42:29 UTC,2019-08-01 18:42:29 UTC,,
1377,FDB013308,13315,2019-08-01 18:42:29 UTC,2019-08-01 18:42:29 UTC,,
1378,FDB013316,13317,2019-08-01 18:42:29 UTC,2019-08-01 18:42:29 UTC,,
1379,FDB008531,8514,2019-08-01 18:42:29 UTC,2019-08-01 18:42:29 UTC,,
1380,FDB003315,3315,2019-08-01 18:42:30 UTC,2019-08-01 18:42:30 UTC,,
1381,FDB008395,8139,2019-08-01 18:42:30 UTC,2019-08-01 18:42:30 UTC,,
1382,FDB004924,13255,2019-08-01 18:42:30 UTC,2019-08-01 18:42:30 UTC,,
1383,FDB017573,4502,2019-08-01 18:42:30 UTC,2019-08-01 18:42:30 UTC,,
1384,FDB017570,4509,2019-08-01 18:42:30 UTC,2019-08-01 18:42:30 UTC,,
1385,FDB011817,8323,2019-08-01 18:42:30 UTC,2019-08-01 18:42:30 UTC,,
1386,FDB005599,22434,2019-08-01 18:42:30 UTC,2019-08-01 18:42:30 UTC,,
1387,FDB008346,8346,2019-08-01 18:42:30 UTC,2019-08-01 18:42:30 UTC,,
1388,FDB016323,18117,2019-08-01 18:42:31 UTC,2019-08-01 18:42:31 UTC,,
1389,FDB008396,20393,2019-08-01 18:42:31 UTC,2019-08-01 18:42:31 UTC,,
1390,FDB008169,8171,2019-08-01 18:42:31 UTC,2019-08-01 18:42:31 UTC,,
1391,FDB009870,11734,2019-08-01 18:42:31 UTC,2019-08-01 18:42:31 UTC,,
1392,FDB011068,11068,2019-08-01 18:42:31 UTC,2019-08-01 18:42:31 UTC,,
1393,FDB007687,12117,2019-08-01 18:42:31 UTC,2019-08-01 18:42:31 UTC,,
1394,FDB003219,3215,2019-08-01 18:42:31 UTC,2019-08-01 18:42:31 UTC,,
1395,FDB011938,30905,2019-08-01 18:42:31 UTC,2019-08-01 18:42:31 UTC,,
1396,FDB012649,1094,2019-08-01 18:42:31 UTC,2019-08-01 18:42:31 UTC,,
1397,FDB008782,30890,2019-08-01 18:42:31 UTC,2019-08-01 18:42:31 UTC,,
1398,FDB008388,11999,2019-08-01 18:42:31 UTC,2019-08-01 18:42:31 UTC,,
1399,FDB008784,31372,2019-08-01 18:42:32 UTC,2019-08-01 18:42:32 UTC,,
1400,FDB002591,2590,2019-08-01 18:42:32 UTC,2019-08-01 18:42:32 UTC,,
1401,FDB002589,11261,2019-08-01 18:42:32 UTC,2019-08-01 18:42:32 UTC,,
1402,FDB020197,8273,2019-08-01 18:42:32 UTC,2019-08-01 18:42:32 UTC,,
1403,FDB029873,31489,2019-08-01 18:42:32 UTC,2019-08-01 18:42:32 UTC,,
1404,FDB010993,4303,2019-08-01 18:42:32 UTC,2019-08-01 18:42:32 UTC,,
1405,FDB017803,4308,2019-08-01 18:42:32 UTC,2019-08-01 18:42:32 UTC,,
1406,FDB030706,3514,2019-08-01 18:42:32 UTC,2019-08-01 18:42:32 UTC,,
1407,FDB004858,9446,2019-08-01 18:42:32 UTC,2019-08-01 18:42:32 UTC,,
1408,FDB030696,22297,2019-08-01 18:42:33 UTC,2019-08-01 18:42:33 UTC,,
1409,FDB023195,30876,2019-08-01 18:42:33 UTC,2019-08-01 18:42:33 UTC,,
1410,FDB030714,22587,2019-08-01 18:42:33 UTC,2019-08-01 18:42:33 UTC,,
1411,FDB014486,31071,2019-08-01 18:42:33 UTC,2019-08-01 18:42:33 UTC,,
1412,FDB030738,14087,2019-08-01 18:42:33 UTC,2019-08-01 18:42:33 UTC,,
1413,FDB007108,7052,2019-08-01 18:42:33 UTC,2019-08-01 18:42:33 UTC,,
1414,FDB014819,14685,2019-08-01 18:42:33 UTC,2019-08-01 18:42:33 UTC,,
1415,FDB013390,31063,2019-08-01 18:42:33 UTC,2019-08-01 18:42:33 UTC,,
1416,FDB030909,14565,2019-08-01 18:42:33 UTC,2019-08-01 18:42:33 UTC,,
1417,FDB022382,30864,2019-08-01 18:42:33 UTC,2019-08-01 18:42:33 UTC,,
1418,FDB021918,30995,2019-08-01 18:42:33 UTC,2019-08-01 18:42:33 UTC,,
1419,FDB030914,3636,2019-08-01 18:42:33 UTC,2019-08-01 18:42:33 UTC,,
1420,FDB030949,3522,2019-08-01 18:42:33 UTC,2019-08-01 18:42:33 UTC,,
1421,FDB003518,31167,2019-08-01 18:42:33 UTC,2019-08-01 18:42:33 UTC,,
1422,FDB014735,10273,2019-08-01 18:42:33 UTC,2019-08-01 18:42:33 UTC,,
1423,FDB014375,4247,2019-08-01 18:42:33 UTC,2019-08-01 18:42:33 UTC,,
1424,FDB003716,22299,2019-08-01 18:42:33 UTC,2019-08-01 18:42:33 UTC,,
