id,food_id,ncbi_taxonomy_id,classification_name,classification_order,created_at,updated_at
1,1,357850,"""Eukaryota""",1,2017-03-29 18:35:53 UTC,2017-03-29 18:35:53 UTC
2,1,357850,"""Viridiplantae""",2,2017-03-29 18:35:53 UTC,2017-03-29 18:35:53 UTC
3,1,357850,"""Streptophyta""",3,2017-03-29 18:35:53 UTC,2017-03-29 18:35:53 UTC
4,1,357850,"""Embryophyta""",4,2017-03-29 18:35:53 UTC,2017-03-29 18:35:53 UTC
5,1,357850,"""Tracheophyta""",5,2017-03-29 18:35:53 UTC,2017-03-29 18:35:53 UTC
6,1,357850,"""Spermatophyta""",6,2017-03-29 18:35:53 UTC,2017-03-29 18:35:53 UTC
7,1,357850,"""Magnoliophyta""",7,2017-03-29 18:35:53 UTC,2017-03-29 18:35:53 UTC
8,1,357850,"""eudicotyledons""",8,2017-03-29 18:35:53 UTC,2017-03-29 18:35:53 UTC
9,1,357850,"""Gunneridae""",9,2017-03-29 18:35:53 UTC,2017-03-29 18:35:53 UTC
10,1,357850,"""Pentapetalae""",10,2017-03-29 18:35:53 UTC,2017-03-29 18:35:53 UTC
11,1,357850,"""asterids""",11,2017-03-29 18:35:53 UTC,2017-03-29 18:35:53 UTC
12,1,357850,"""campanulids""",12,2017-03-29 18:35:53 UTC,2017-03-29 18:35:53 UTC
13,1,357850,"""Apiales""",13,2017-03-29 18:35:53 UTC,2017-03-29 18:35:53 UTC
14,1,357850,"""Apiaceae""",14,2017-03-29 18:35:53 UTC,2017-03-29 18:35:53 UTC
15,1,357850,"""Apioideae""",15,2017-03-29 18:35:53 UTC,2017-03-29 18:35:53 UTC
16,1,357850,"""apioid superclade""",16,2017-03-29 18:35:53 UTC,2017-03-29 18:35:53 UTC
17,1,357850,"""Selineae""",17,2017-03-29 18:35:53 UTC,2017-03-29 18:35:53 UTC
18,1,357850,"""Angelica""",18,2017-03-29 18:35:53 UTC,2017-03-29 18:35:53 UTC
19,19,72341,"""Eukaryota""",1,2017-03-29 18:35:53 UTC,2017-03-29 18:35:53 UTC
20,19,72341,"""Viridiplantae""",2,2017-03-29 18:35:53 UTC,2017-03-29 18:35:53 UTC
21,19,72341,"""Streptophyta""",3,2017-03-29 18:35:53 UTC,2017-03-29 18:35:53 UTC
22,19,72341,"""Embryophyta""",4,2017-03-29 18:35:53 UTC,2017-03-29 18:35:53 UTC
23,19,72341,"""Tracheophyta""",5,2017-03-29 18:35:53 UTC,2017-03-29 18:35:53 UTC
24,19,72341,"""Spermatophyta""",6,2017-03-29 18:35:53 UTC,2017-03-29 18:35:53 UTC
25,19,72341,"""Magnoliophyta""",7,2017-03-29 18:35:54 UTC,2017-03-29 18:35:54 UTC
26,19,72341,"""eudicotyledons""",8,2017-03-29 18:35:54 UTC,2017-03-29 18:35:54 UTC
27,19,72341,"""Gunneridae""",9,2017-03-29 18:35:54 UTC,2017-03-29 18:35:54 UTC
28,19,72341,"""Pentapetalae""",10,2017-03-29 18:35:54 UTC,2017-03-29 18:35:54 UTC
29,19,72341,"""asterids""",11,2017-03-29 18:35:54 UTC,2017-03-29 18:35:54 UTC
30,19,72341,"""campanulids""",12,2017-03-29 18:35:54 UTC,2017-03-29 18:35:54 UTC
31,19,72341,"""Asterales""",13,2017-03-29 18:35:54 UTC,2017-03-29 18:35:54 UTC
32,19,72341,"""Asteraceae""",14,2017-03-29 18:35:54 UTC,2017-03-29 18:35:54 UTC
33,19,72341,"""Asteroideae""",15,2017-03-29 18:35:54 UTC,2017-03-29 18:35:54 UTC
34,19,72341,"""Anthemideae""",16,2017-03-29 18:35:54 UTC,2017-03-29 18:35:54 UTC
35,19,72341,"""Artemisiinae""",17,2017-03-29 18:35:54 UTC,2017-03-29 18:35:54 UTC
36,19,72341,"""Artemisia""",18,2017-03-29 18:35:54 UTC,2017-03-29 18:35:54 UTC
37,37,3821,"""Eukaryota""",1,2017-03-29 18:35:54 UTC,2017-03-29 18:35:54 UTC
38,37,3821,"""Viridiplantae""",2,2017-03-29 18:35:54 UTC,2017-03-29 18:35:54 UTC
39,37,3821,"""Streptophyta""",3,2017-03-29 18:35:54 UTC,2017-03-29 18:35:54 UTC
40,37,3821,"""Embryophyta""",4,2017-03-29 18:35:54 UTC,2017-03-29 18:35:54 UTC
41,37,3821,"""Tracheophyta""",5,2017-03-29 18:35:54 UTC,2017-03-29 18:35:54 UTC
42,37,3821,"""Spermatophyta""",6,2017-03-29 18:35:54 UTC,2017-03-29 18:35:54 UTC
43,37,3821,"""Magnoliophyta""",7,2017-03-29 18:35:54 UTC,2017-03-29 18:35:54 UTC
44,37,3821,"""eudicotyledons""",8,2017-03-29 18:35:54 UTC,2017-03-29 18:35:54 UTC
45,37,3821,"""Gunneridae""",9,2017-03-29 18:35:54 UTC,2017-03-29 18:35:54 UTC
46,37,3821,"""Pentapetalae""",10,2017-03-29 18:35:54 UTC,2017-03-29 18:35:54 UTC
47,37,3821,"""rosids""",11,2017-03-29 18:35:54 UTC,2017-03-29 18:35:54 UTC
48,37,3821,"""fabids""",12,2017-03-29 18:35:54 UTC,2017-03-29 18:35:54 UTC
49,37,3821,"""Fabales""",13,2017-03-29 18:35:54 UTC,2017-03-29 18:35:54 UTC
50,37,3821,"""Fabaceae""",14,2017-03-29 18:35:54 UTC,2017-03-29 18:35:54 UTC
51,37,3821,"""Papilionoideae""",15,2017-03-29 18:35:54 UTC,2017-03-29 18:35:54 UTC
52,37,3821,"""Phaseoleae""",16,2017-03-29 18:35:54 UTC,2017-03-29 18:35:54 UTC
53,37,3821,"""Cajanus""",17,2017-03-29 18:35:54 UTC,2017-03-29 18:35:54 UTC
54,54,2708,"""Eukaryota""",1,2017-03-29 18:35:54 UTC,2017-03-29 18:35:54 UTC
55,54,2708,"""Viridiplantae""",2,2017-03-29 18:35:54 UTC,2017-03-29 18:35:54 UTC
56,54,2708,"""Streptophyta""",3,2017-03-29 18:35:54 UTC,2017-03-29 18:35:54 UTC
57,54,2708,"""Embryophyta""",4,2017-03-29 18:35:54 UTC,2017-03-29 18:35:54 UTC
58,54,2708,"""Tracheophyta""",5,2017-03-29 18:35:54 UTC,2017-03-29 18:35:54 UTC
59,54,2708,"""Spermatophyta""",6,2017-03-29 18:35:54 UTC,2017-03-29 18:35:54 UTC
60,54,2708,"""Magnoliophyta""",7,2017-03-29 18:35:54 UTC,2017-03-29 18:35:54 UTC
61,54,2708,"""eudicotyledons""",8,2017-03-29 18:35:54 UTC,2017-03-29 18:35:54 UTC
62,54,2708,"""Gunneridae""",9,2017-03-29 18:35:54 UTC,2017-03-29 18:35:54 UTC
63,54,2708,"""Pentapetalae""",10,2017-03-29 18:35:54 UTC,2017-03-29 18:35:54 UTC
64,54,2708,"""rosids""",11,2017-03-29 18:35:54 UTC,2017-03-29 18:35:54 UTC
65,54,2708,"""malvids""",12,2017-03-29 18:35:54 UTC,2017-03-29 18:35:54 UTC
66,54,2708,"""Sapindales""",13,2017-03-29 18:35:54 UTC,2017-03-29 18:35:54 UTC
67,54,2708,"""Rutaceae""",14,2017-03-29 18:35:54 UTC,2017-03-29 18:35:54 UTC
68,54,2708,"""Aurantioideae""",15,2017-03-29 18:35:54 UTC,2017-03-29 18:35:54 UTC
69,54,2708,"""Citrus""",16,2017-03-29 18:35:54 UTC,2017-03-29 18:35:54 UTC
70,70,66014,"""Eukaryota""",1,2017-03-29 18:35:54 UTC,2017-03-29 18:35:54 UTC
71,70,66014,"""Viridiplantae""",2,2017-03-29 18:35:54 UTC,2017-03-29 18:35:54 UTC
72,70,66014,"""Streptophyta""",3,2017-03-29 18:35:54 UTC,2017-03-29 18:35:54 UTC
73,70,66014,"""Embryophyta""",4,2017-03-29 18:35:54 UTC,2017-03-29 18:35:54 UTC
74,70,66014,"""Tracheophyta""",5,2017-03-29 18:35:54 UTC,2017-03-29 18:35:54 UTC
75,70,66014,"""Spermatophyta""",6,2017-03-29 18:35:54 UTC,2017-03-29 18:35:54 UTC
76,70,66014,"""Magnoliophyta""",7,2017-03-29 18:35:54 UTC,2017-03-29 18:35:54 UTC
77,70,66014,"""Liliopsida""",8,2017-03-29 18:35:54 UTC,2017-03-29 18:35:54 UTC
78,70,66014,"""Poales""",9,2017-03-29 18:35:54 UTC,2017-03-29 18:35:54 UTC
79,70,66014,"""Poaceae""",10,2017-03-29 18:35:54 UTC,2017-03-29 18:35:54 UTC
80,70,66014,"""PACMAD clade""",11,2017-03-29 18:35:54 UTC,2017-03-29 18:35:54 UTC
81,70,66014,"""Panicoideae""",12,2017-03-29 18:35:54 UTC,2017-03-29 18:35:54 UTC
82,70,66014,"""Andropogonodae""",13,2017-03-29 18:35:54 UTC,2017-03-29 18:35:54 UTC
83,70,66014,"""Andropogoneae""",14,2017-03-29 18:35:54 UTC,2017-03-29 18:35:54 UTC
84,70,66014,"""Anthistiriinae""",15,2017-03-29 18:35:54 UTC,2017-03-29 18:35:54 UTC
85,70,66014,"""Cymbopogon""",16,2017-03-29 18:35:54 UTC,2017-03-29 18:35:54 UTC
86,86,4232,"""Eukaryota""",1,2017-03-29 18:35:55 UTC,2017-03-29 18:35:55 UTC
87,86,4232,"""Viridiplantae""",2,2017-03-29 18:35:55 UTC,2017-03-29 18:35:55 UTC
88,86,4232,"""Streptophyta""",3,2017-03-29 18:35:55 UTC,2017-03-29 18:35:55 UTC
89,86,4232,"""Embryophyta""",4,2017-03-29 18:35:55 UTC,2017-03-29 18:35:55 UTC
90,86,4232,"""Tracheophyta""",5,2017-03-29 18:35:55 UTC,2017-03-29 18:35:55 UTC
91,86,4232,"""Spermatophyta""",6,2017-03-29 18:35:55 UTC,2017-03-29 18:35:55 UTC
92,86,4232,"""Magnoliophyta""",7,2017-03-29 18:35:55 UTC,2017-03-29 18:35:55 UTC
93,86,4232,"""eudicotyledons""",8,2017-03-29 18:35:55 UTC,2017-03-29 18:35:55 UTC
94,86,4232,"""Gunneridae""",9,2017-03-29 18:35:55 UTC,2017-03-29 18:35:55 UTC
95,86,4232,"""Pentapetalae""",10,2017-03-29 18:35:55 UTC,2017-03-29 18:35:55 UTC
96,86,4232,"""asterids""",11,2017-03-29 18:35:55 UTC,2017-03-29 18:35:55 UTC
97,86,4232,"""campanulids""",12,2017-03-29 18:35:55 UTC,2017-03-29 18:35:55 UTC
98,86,4232,"""Asterales""",13,2017-03-29 18:35:55 UTC,2017-03-29 18:35:55 UTC
99,86,4232,"""Asteraceae""",14,2017-03-29 18:35:55 UTC,2017-03-29 18:35:55 UTC
100,86,4232,"""Asteroideae""",15,2017-03-29 18:35:55 UTC,2017-03-29 18:35:55 UTC
101,86,4232,"""Heliantheae alliance""",16,2017-03-29 18:35:55 UTC,2017-03-29 18:35:55 UTC
102,86,4232,"""Heliantheae""",17,2017-03-29 18:35:55 UTC,2017-03-29 18:35:55 UTC
103,86,4232,"""Helianthus""",18,2017-03-29 18:35:55 UTC,2017-03-29 18:35:55 UTC
104,104,3869,"""Eukaryota""",1,2017-03-29 18:35:55 UTC,2017-03-29 18:35:55 UTC
105,104,3869,"""Viridiplantae""",2,2017-03-29 18:35:55 UTC,2017-03-29 18:35:55 UTC
106,104,3869,"""Streptophyta""",3,2017-03-29 18:35:55 UTC,2017-03-29 18:35:55 UTC
107,104,3869,"""Embryophyta""",4,2017-03-29 18:35:55 UTC,2017-03-29 18:35:55 UTC
108,104,3869,"""Tracheophyta""",5,2017-03-29 18:35:55 UTC,2017-03-29 18:35:55 UTC
109,104,3869,"""Spermatophyta""",6,2017-03-29 18:35:55 UTC,2017-03-29 18:35:55 UTC
110,104,3869,"""Magnoliophyta""",7,2017-03-29 18:35:55 UTC,2017-03-29 18:35:55 UTC
111,104,3869,"""eudicotyledons""",8,2017-03-29 18:35:55 UTC,2017-03-29 18:35:55 UTC
112,104,3869,"""Gunneridae""",9,2017-03-29 18:35:55 UTC,2017-03-29 18:35:55 UTC
113,104,3869,"""Pentapetalae""",10,2017-03-29 18:35:55 UTC,2017-03-29 18:35:55 UTC
114,104,3869,"""rosids""",11,2017-03-29 18:35:55 UTC,2017-03-29 18:35:55 UTC
115,104,3869,"""fabids""",12,2017-03-29 18:35:55 UTC,2017-03-29 18:35:55 UTC
116,104,3869,"""Fabales""",13,2017-03-29 18:35:55 UTC,2017-03-29 18:35:55 UTC
117,104,3869,"""Fabaceae""",14,2017-03-29 18:35:55 UTC,2017-03-29 18:35:55 UTC
118,104,3869,"""Papilionoideae""",15,2017-03-29 18:35:55 UTC,2017-03-29 18:35:55 UTC
119,104,3869,"""Genisteae""",16,2017-03-29 18:35:55 UTC,2017-03-29 18:35:55 UTC
120,104,3869,"""Lupinus""",17,2017-03-29 18:35:55 UTC,2017-03-29 18:35:55 UTC
121,121,4146,"""Eukaryota""",1,2017-03-29 18:35:55 UTC,2017-03-29 18:35:55 UTC
122,121,4146,"""Viridiplantae""",2,2017-03-29 18:35:55 UTC,2017-03-29 18:35:55 UTC
123,121,4146,"""Streptophyta""",3,2017-03-29 18:35:55 UTC,2017-03-29 18:35:55 UTC
124,121,4146,"""Embryophyta""",4,2017-03-29 18:35:55 UTC,2017-03-29 18:35:55 UTC
125,121,4146,"""Tracheophyta""",5,2017-03-29 18:35:55 UTC,2017-03-29 18:35:55 UTC
126,121,4146,"""Spermatophyta""",6,2017-03-29 18:35:55 UTC,2017-03-29 18:35:55 UTC
127,121,4146,"""Magnoliophyta""",7,2017-03-29 18:35:55 UTC,2017-03-29 18:35:55 UTC
128,121,4146,"""eudicotyledons""",8,2017-03-29 18:35:55 UTC,2017-03-29 18:35:55 UTC
129,121,4146,"""Gunneridae""",9,2017-03-29 18:35:55 UTC,2017-03-29 18:35:55 UTC
130,121,4146,"""Pentapetalae""",10,2017-03-29 18:35:55 UTC,2017-03-29 18:35:55 UTC
131,121,4146,"""asterids""",11,2017-03-29 18:35:55 UTC,2017-03-29 18:35:55 UTC
132,121,4146,"""lamiids""",12,2017-03-29 18:35:55 UTC,2017-03-29 18:35:55 UTC
133,121,4146,"""Lamiales""",13,2017-03-29 18:35:55 UTC,2017-03-29 18:35:55 UTC
134,121,4146,"""Oleaceae""",14,2017-03-29 18:35:55 UTC,2017-03-29 18:35:55 UTC
135,121,4146,"""Oleeae""",15,2017-03-29 18:35:55 UTC,2017-03-29 18:35:55 UTC
136,121,4146,"""Olea""",16,2017-03-29 18:35:55 UTC,2017-03-29 18:35:55 UTC
137,137,271192,"""Eukaryota""",1,2017-03-29 18:35:55 UTC,2017-03-29 18:35:55 UTC
138,137,271192,"""Viridiplantae""",2,2017-03-29 18:35:55 UTC,2017-03-29 18:35:55 UTC
139,137,271192,"""Streptophyta""",3,2017-03-29 18:35:55 UTC,2017-03-29 18:35:55 UTC
140,137,271192,"""Embryophyta""",4,2017-03-29 18:35:55 UTC,2017-03-29 18:35:55 UTC
141,137,271192,"""Tracheophyta""",5,2017-03-29 18:35:56 UTC,2017-03-29 18:35:56 UTC
142,137,271192,"""Spermatophyta""",6,2017-03-29 18:35:56 UTC,2017-03-29 18:35:56 UTC
143,137,271192,"""Magnoliophyta""",7,2017-03-29 18:35:56 UTC,2017-03-29 18:35:56 UTC
144,137,271192,"""eudicotyledons""",8,2017-03-29 18:35:56 UTC,2017-03-29 18:35:56 UTC
145,137,271192,"""Gunneridae""",9,2017-03-29 18:35:56 UTC,2017-03-29 18:35:56 UTC
146,137,271192,"""Pentapetalae""",10,2017-03-29 18:35:56 UTC,2017-03-29 18:35:56 UTC
147,137,271192,"""asterids""",11,2017-03-29 18:35:56 UTC,2017-03-29 18:35:56 UTC
148,137,271192,"""campanulids""",12,2017-03-29 18:35:56 UTC,2017-03-29 18:35:56 UTC
149,137,271192,"""Apiales""",13,2017-03-29 18:35:56 UTC,2017-03-29 18:35:56 UTC
150,137,271192,"""Apiaceae""",14,2017-03-29 18:35:56 UTC,2017-03-29 18:35:56 UTC
151,137,271192,"""Apioideae""",15,2017-03-29 18:35:56 UTC,2017-03-29 18:35:56 UTC
152,137,271192,"""apioid superclade""",16,2017-03-29 18:35:56 UTC,2017-03-29 18:35:56 UTC
153,137,271192,"""Pimpinelleae""",17,2017-03-29 18:35:56 UTC,2017-03-29 18:35:56 UTC
154,137,271192,"""Pimpinella""",18,2017-03-29 18:35:56 UTC,2017-03-29 18:35:56 UTC
155,155,78511,"""Eukaryota""",1,2017-03-29 18:35:56 UTC,2017-03-29 18:35:56 UTC
156,155,78511,"""Viridiplantae""",2,2017-03-29 18:35:56 UTC,2017-03-29 18:35:56 UTC
157,155,78511,"""Streptophyta""",3,2017-03-29 18:35:56 UTC,2017-03-29 18:35:56 UTC
158,155,78511,"""Embryophyta""",4,2017-03-29 18:35:56 UTC,2017-03-29 18:35:56 UTC
159,155,78511,"""Tracheophyta""",5,2017-03-29 18:35:56 UTC,2017-03-29 18:35:56 UTC
160,155,78511,"""Spermatophyta""",6,2017-03-29 18:35:56 UTC,2017-03-29 18:35:56 UTC
161,155,78511,"""Magnoliophyta""",7,2017-03-29 18:35:56 UTC,2017-03-29 18:35:56 UTC
162,155,78511,"""eudicotyledons""",8,2017-03-29 18:35:56 UTC,2017-03-29 18:35:56 UTC
163,155,78511,"""Gunneridae""",9,2017-03-29 18:35:56 UTC,2017-03-29 18:35:56 UTC
164,155,78511,"""Pentapetalae""",10,2017-03-29 18:35:56 UTC,2017-03-29 18:35:56 UTC
165,155,78511,"""Saxifragales""",11,2017-03-29 18:35:56 UTC,2017-03-29 18:35:56 UTC
166,155,78511,"""Grossulariaceae""",12,2017-03-29 18:35:56 UTC,2017-03-29 18:35:56 UTC
167,155,78511,"""Ribes""",13,2017-03-29 18:35:56 UTC,2017-03-29 18:35:56 UTC
168,168,49988,"""Eukaryota""",1,2017-03-29 18:35:56 UTC,2017-03-29 18:35:56 UTC
169,168,49988,"""Viridiplantae""",2,2017-03-29 18:35:56 UTC,2017-03-29 18:35:56 UTC
170,168,49988,"""Streptophyta""",3,2017-03-29 18:35:56 UTC,2017-03-29 18:35:56 UTC
171,168,49988,"""Embryophyta""",4,2017-03-29 18:35:56 UTC,2017-03-29 18:35:56 UTC
172,168,49988,"""Tracheophyta""",5,2017-03-29 18:35:56 UTC,2017-03-29 18:35:56 UTC
173,168,49988,"""Spermatophyta""",6,2017-03-29 18:35:56 UTC,2017-03-29 18:35:56 UTC
174,168,49988,"""Magnoliophyta""",7,2017-03-29 18:35:56 UTC,2017-03-29 18:35:56 UTC
175,168,49988,"""eudicotyledons""",8,2017-03-29 18:35:56 UTC,2017-03-29 18:35:56 UTC
176,168,49988,"""Gunneridae""",9,2017-03-29 18:35:56 UTC,2017-03-29 18:35:56 UTC
177,168,49988,"""Pentapetalae""",10,2017-03-29 18:35:56 UTC,2017-03-29 18:35:56 UTC
178,168,49988,"""asterids""",11,2017-03-29 18:35:56 UTC,2017-03-29 18:35:56 UTC
179,168,49988,"""lamiids""",12,2017-03-29 18:35:56 UTC,2017-03-29 18:35:56 UTC
180,168,49988,"""Lamiales""",13,2017-03-29 18:35:56 UTC,2017-03-29 18:35:56 UTC
181,168,49988,"""Lamiaceae""",14,2017-03-29 18:35:56 UTC,2017-03-29 18:35:56 UTC
182,168,49988,"""Nepetoideae""",15,2017-03-29 18:35:56 UTC,2017-03-29 18:35:56 UTC
183,168,49988,"""Mentheae""",16,2017-03-29 18:35:56 UTC,2017-03-29 18:35:56 UTC
184,168,49988,"""Satureja""",17,2017-03-29 18:35:56 UTC,2017-03-29 18:35:56 UTC
185,185,172266,"""Eukaryota""",1,2017-03-29 18:35:56 UTC,2017-03-29 18:35:56 UTC
186,185,172266,"""Viridiplantae""",2,2017-03-29 18:35:56 UTC,2017-03-29 18:35:56 UTC
187,185,172266,"""Streptophyta""",3,2017-03-29 18:35:56 UTC,2017-03-29 18:35:56 UTC
188,185,172266,"""Embryophyta""",4,2017-03-29 18:35:56 UTC,2017-03-29 18:35:56 UTC
189,185,172266,"""Tracheophyta""",5,2017-03-29 18:35:56 UTC,2017-03-29 18:35:56 UTC
190,185,172266,"""Spermatophyta""",6,2017-03-29 18:35:56 UTC,2017-03-29 18:35:56 UTC
191,185,172266,"""Magnoliophyta""",7,2017-03-29 18:35:56 UTC,2017-03-29 18:35:56 UTC
192,185,172266,"""eudicotyledons""",8,2017-03-29 18:35:56 UTC,2017-03-29 18:35:56 UTC
193,185,172266,"""Gunneridae""",9,2017-03-29 18:35:56 UTC,2017-03-29 18:35:56 UTC
194,185,172266,"""Pentapetalae""",10,2017-03-29 18:35:56 UTC,2017-03-29 18:35:56 UTC
195,185,172266,"""rosids""",11,2017-03-29 18:35:56 UTC,2017-03-29 18:35:56 UTC
196,185,172266,"""malvids""",12,2017-03-29 18:35:56 UTC,2017-03-29 18:35:56 UTC
197,185,172266,"""Malvales""",13,2017-03-29 18:35:56 UTC,2017-03-29 18:35:56 UTC
198,185,172266,"""Malvaceae""",14,2017-03-29 18:35:56 UTC,2017-03-29 18:35:56 UTC
199,185,172266,"""Tilioideae""",15,2017-03-29 18:35:56 UTC,2017-03-29 18:35:56 UTC
200,185,172266,"""Tilia""",16,2017-03-29 18:35:56 UTC,2017-03-29 18:35:56 UTC
201,201,87088,"""Eukaryota""",1,2017-03-29 18:35:56 UTC,2017-03-29 18:35:56 UTC
202,201,87088,"""Viridiplantae""",2,2017-03-29 18:35:57 UTC,2017-03-29 18:35:57 UTC
203,201,87088,"""Streptophyta""",3,2017-03-29 18:35:57 UTC,2017-03-29 18:35:57 UTC
204,201,87088,"""Embryophyta""",4,2017-03-29 18:35:57 UTC,2017-03-29 18:35:57 UTC
205,201,87088,"""Tracheophyta""",5,2017-03-29 18:35:57 UTC,2017-03-29 18:35:57 UTC
206,201,87088,"""Spermatophyta""",6,2017-03-29 18:35:57 UTC,2017-03-29 18:35:57 UTC
207,201,87088,"""Magnoliophyta""",7,2017-03-29 18:35:57 UTC,2017-03-29 18:35:57 UTC
208,201,87088,"""eudicotyledons""",8,2017-03-29 18:35:57 UTC,2017-03-29 18:35:57 UTC
209,201,87088,"""Gunneridae""",9,2017-03-29 18:35:57 UTC,2017-03-29 18:35:57 UTC
210,201,87088,"""Pentapetalae""",10,2017-03-29 18:35:57 UTC,2017-03-29 18:35:57 UTC
211,201,87088,"""rosids""",11,2017-03-29 18:35:57 UTC,2017-03-29 18:35:57 UTC
212,201,87088,"""fabids""",12,2017-03-29 18:35:57 UTC,2017-03-29 18:35:57 UTC
213,201,87088,"""Fabales""",13,2017-03-29 18:35:57 UTC,2017-03-29 18:35:57 UTC
214,201,87088,"""Fabaceae""",14,2017-03-29 18:35:57 UTC,2017-03-29 18:35:57 UTC
215,201,87088,"""Papilionoideae""",15,2017-03-29 18:35:57 UTC,2017-03-29 18:35:57 UTC
216,201,87088,"""Phaseoleae""",16,2017-03-29 18:35:57 UTC,2017-03-29 18:35:57 UTC
217,201,87088,"""Vigna""",17,2017-03-29 18:35:57 UTC,2017-03-29 18:35:57 UTC
218,218,176259,"""Eukaryota""",1,2017-03-29 18:35:57 UTC,2017-03-29 18:35:57 UTC
219,218,176259,"""Viridiplantae""",2,2017-03-29 18:35:57 UTC,2017-03-29 18:35:57 UTC
220,218,176259,"""Streptophyta""",3,2017-03-29 18:35:57 UTC,2017-03-29 18:35:57 UTC
221,218,176259,"""Embryophyta""",4,2017-03-29 18:35:57 UTC,2017-03-29 18:35:57 UTC
222,218,176259,"""Tracheophyta""",5,2017-03-29 18:35:57 UTC,2017-03-29 18:35:57 UTC
223,218,176259,"""Spermatophyta""",6,2017-03-29 18:35:57 UTC,2017-03-29 18:35:57 UTC
224,218,176259,"""Magnoliophyta""",7,2017-03-29 18:35:57 UTC,2017-03-29 18:35:57 UTC
225,218,176259,"""eudicotyledons""",8,2017-03-29 18:35:57 UTC,2017-03-29 18:35:57 UTC
226,218,176259,"""Gunneridae""",9,2017-03-29 18:35:57 UTC,2017-03-29 18:35:57 UTC
227,218,176259,"""Pentapetalae""",10,2017-03-29 18:35:57 UTC,2017-03-29 18:35:57 UTC
228,218,176259,"""asterids""",11,2017-03-29 18:35:57 UTC,2017-03-29 18:35:57 UTC
229,218,176259,"""Ericales""",12,2017-03-29 18:35:57 UTC,2017-03-29 18:35:57 UTC
230,218,176259,"""Ericaceae""",13,2017-03-29 18:35:57 UTC,2017-03-29 18:35:57 UTC
231,218,176259,"""Vaccinioideae""",14,2017-03-29 18:35:57 UTC,2017-03-29 18:35:57 UTC
232,218,176259,"""Vaccinieae""",15,2017-03-29 18:35:57 UTC,2017-03-29 18:35:57 UTC
233,218,176259,"""Vaccinium""",16,2017-03-29 18:35:57 UTC,2017-03-29 18:35:57 UTC
234,234,151071,"""Eukaryota""",1,2017-03-29 18:35:57 UTC,2017-03-29 18:35:57 UTC
235,234,151071,"""Viridiplantae""",2,2017-03-29 18:35:57 UTC,2017-03-29 18:35:57 UTC
236,234,151071,"""Streptophyta""",3,2017-03-29 18:35:57 UTC,2017-03-29 18:35:57 UTC
237,234,151071,"""Embryophyta""",4,2017-03-29 18:35:57 UTC,2017-03-29 18:35:57 UTC
238,234,151071,"""Tracheophyta""",5,2017-03-29 18:35:57 UTC,2017-03-29 18:35:57 UTC
239,234,151071,"""Spermatophyta""",6,2017-03-29 18:35:57 UTC,2017-03-29 18:35:57 UTC
240,234,151071,"""Magnoliophyta""",7,2017-03-29 18:35:57 UTC,2017-03-29 18:35:57 UTC
241,234,151071,"""eudicotyledons""",8,2017-03-29 18:35:57 UTC,2017-03-29 18:35:57 UTC
242,234,151071,"""Gunneridae""",9,2017-03-29 18:35:57 UTC,2017-03-29 18:35:57 UTC
243,234,151071,"""Pentapetalae""",10,2017-03-29 18:35:57 UTC,2017-03-29 18:35:57 UTC
244,234,151071,"""rosids""",11,2017-03-29 18:35:57 UTC,2017-03-29 18:35:57 UTC
245,234,151071,"""malvids""",12,2017-03-29 18:35:57 UTC,2017-03-29 18:35:57 UTC
246,234,151071,"""Sapindales""",13,2017-03-29 18:35:57 UTC,2017-03-29 18:35:57 UTC
247,234,151071,"""Sapindaceae""",14,2017-03-29 18:35:57 UTC,2017-03-29 18:35:57 UTC
248,234,151071,"""Nephelium""",15,2017-03-29 18:35:57 UTC,2017-03-29 18:35:57 UTC
249,249,941588,"""Eukaryota""",1,2017-03-29 18:35:57 UTC,2017-03-29 18:35:57 UTC
250,249,941588,"""Viridiplantae""",2,2017-03-29 18:35:57 UTC,2017-03-29 18:35:57 UTC
251,249,941588,"""Streptophyta""",3,2017-03-29 18:35:57 UTC,2017-03-29 18:35:57 UTC
252,249,941588,"""Embryophyta""",4,2017-03-29 18:35:57 UTC,2017-03-29 18:35:57 UTC
253,249,941588,"""Tracheophyta""",5,2017-03-29 18:35:57 UTC,2017-03-29 18:35:57 UTC
254,249,941588,"""Spermatophyta""",6,2017-03-29 18:35:57 UTC,2017-03-29 18:35:57 UTC
255,249,941588,"""Magnoliophyta""",7,2017-03-29 18:35:57 UTC,2017-03-29 18:35:57 UTC
256,249,941588,"""eudicotyledons""",8,2017-03-29 18:35:58 UTC,2017-03-29 18:35:58 UTC
257,249,941588,"""Gunneridae""",9,2017-03-29 18:35:58 UTC,2017-03-29 18:35:58 UTC
258,249,941588,"""Pentapetalae""",10,2017-03-29 18:35:58 UTC,2017-03-29 18:35:58 UTC
259,249,941588,"""asterids""",11,2017-03-29 18:35:58 UTC,2017-03-29 18:35:58 UTC
260,249,941588,"""campanulids""",12,2017-03-29 18:35:58 UTC,2017-03-29 18:35:58 UTC
261,249,941588,"""Apiales""",13,2017-03-29 18:35:58 UTC,2017-03-29 18:35:58 UTC
262,249,941588,"""Apiaceae""",14,2017-03-29 18:35:58 UTC,2017-03-29 18:35:58 UTC
263,249,941588,"""Apioideae""",15,2017-03-29 18:35:58 UTC,2017-03-29 18:35:58 UTC
264,249,941588,"""apioid superclade""",16,2017-03-29 18:35:58 UTC,2017-03-29 18:35:58 UTC
265,249,941588,"""Apieae""",17,2017-03-29 18:35:58 UTC,2017-03-29 18:35:58 UTC
266,249,941588,"""Apium""",18,2017-03-29 18:35:58 UTC,2017-03-29 18:35:58 UTC
267,267,175226,"""Eukaryota""",1,2017-03-29 18:35:58 UTC,2017-03-29 18:35:58 UTC
268,267,175226,"""Viridiplantae""",2,2017-03-29 18:35:58 UTC,2017-03-29 18:35:58 UTC
269,267,175226,"""Streptophyta""",3,2017-03-29 18:35:58 UTC,2017-03-29 18:35:58 UTC
270,267,175226,"""Embryophyta""",4,2017-03-29 18:35:58 UTC,2017-03-29 18:35:58 UTC
271,267,175226,"""Tracheophyta""",5,2017-03-29 18:35:58 UTC,2017-03-29 18:35:58 UTC
272,267,175226,"""Spermatophyta""",6,2017-03-29 18:35:58 UTC,2017-03-29 18:35:58 UTC
273,267,175226,"""Magnoliophyta""",7,2017-03-29 18:35:58 UTC,2017-03-29 18:35:58 UTC
274,267,175226,"""eudicotyledons""",8,2017-03-29 18:35:58 UTC,2017-03-29 18:35:58 UTC
275,267,175226,"""Gunneridae""",9,2017-03-29 18:35:58 UTC,2017-03-29 18:35:58 UTC
276,267,175226,"""Pentapetalae""",10,2017-03-29 18:35:58 UTC,2017-03-29 18:35:58 UTC
277,267,175226,"""Saxifragales""",11,2017-03-29 18:35:58 UTC,2017-03-29 18:35:58 UTC
278,267,175226,"""Grossulariaceae""",12,2017-03-29 18:35:58 UTC,2017-03-29 18:35:58 UTC
279,267,175226,"""Ribes""",13,2017-03-29 18:35:58 UTC,2017-03-29 18:35:58 UTC
280,280,6452,"""Eukaryota""",1,2017-03-29 18:35:58 UTC,2017-03-29 18:35:58 UTC
281,280,6452,"""Metazoa""",2,2017-03-29 18:35:58 UTC,2017-03-29 18:35:58 UTC
282,280,6452,"""Lophotrochozoa""",3,2017-03-29 18:35:58 UTC,2017-03-29 18:35:58 UTC
283,280,6452,"""Mollusca""",4,2017-03-29 18:35:58 UTC,2017-03-29 18:35:58 UTC
284,280,6452,"""Gastropoda""",5,2017-03-29 18:35:58 UTC,2017-03-29 18:35:58 UTC
285,280,6452,"""Vetigastropoda""",6,2017-03-29 18:35:58 UTC,2017-03-29 18:35:58 UTC
286,280,6452,"""Haliotoidea""",7,2017-03-29 18:35:58 UTC,2017-03-29 18:35:58 UTC
287,280,6452,"""Haliotidae""",8,2017-03-29 18:35:58 UTC,2017-03-29 18:35:58 UTC
288,280,6452,"""Haliotis""",9,2017-03-29 18:35:58 UTC,2017-03-29 18:35:58 UTC
289,289,3564,"""Eukaryota""",1,2017-03-29 18:35:58 UTC,2017-03-29 18:35:58 UTC
290,289,3564,"""Viridiplantae""",2,2017-03-29 18:35:58 UTC,2017-03-29 18:35:58 UTC
291,289,3564,"""Streptophyta""",3,2017-03-29 18:35:58 UTC,2017-03-29 18:35:58 UTC
292,289,3564,"""Embryophyta""",4,2017-03-29 18:35:58 UTC,2017-03-29 18:35:58 UTC
293,289,3564,"""Tracheophyta""",5,2017-03-29 18:35:58 UTC,2017-03-29 18:35:58 UTC
294,289,3564,"""Spermatophyta""",6,2017-03-29 18:35:58 UTC,2017-03-29 18:35:58 UTC
295,289,3564,"""Magnoliophyta""",7,2017-03-29 18:35:58 UTC,2017-03-29 18:35:58 UTC
296,289,3564,"""eudicotyledons""",8,2017-03-29 18:35:58 UTC,2017-03-29 18:35:58 UTC
297,289,3564,"""Gunneridae""",9,2017-03-29 18:35:58 UTC,2017-03-29 18:35:58 UTC
298,289,3564,"""Pentapetalae""",10,2017-03-29 18:35:58 UTC,2017-03-29 18:35:58 UTC
299,289,3564,"""Caryophyllales""",11,2017-03-29 18:35:58 UTC,2017-03-29 18:35:58 UTC
300,289,3564,"""Amaranthaceae""",12,2017-03-29 18:35:58 UTC,2017-03-29 18:35:58 UTC
301,289,3564,"""Amaranthus""",13,2017-03-29 18:35:58 UTC,2017-03-29 18:35:58 UTC
302,302,9749,"""Eukaryota""",1,2017-03-29 18:35:58 UTC,2017-03-29 18:35:58 UTC
303,302,9749,"""Metazoa""",2,2017-03-29 18:35:58 UTC,2017-03-29 18:35:58 UTC
304,302,9749,"""Chordata""",3,2017-03-29 18:35:58 UTC,2017-03-29 18:35:58 UTC
305,302,9749,"""Craniata""",4,2017-03-29 18:35:58 UTC,2017-03-29 18:35:58 UTC
306,302,9749,"""Vertebrata""",5,2017-03-29 18:35:58 UTC,2017-03-29 18:35:58 UTC
307,302,9749,"""Euteleostomi""",6,2017-03-29 18:35:58 UTC,2017-03-29 18:35:58 UTC
308,302,9749,"""Mammalia""",7,2017-03-29 18:35:58 UTC,2017-03-29 18:35:58 UTC
309,302,9749,"""Eutheria""",8,2017-03-29 18:35:58 UTC,2017-03-29 18:35:58 UTC
310,302,9749,"""Laurasiatheria""",9,2017-03-29 18:35:58 UTC,2017-03-29 18:35:58 UTC
311,302,9749,"""Cetartiodactyla""",10,2017-03-29 18:35:58 UTC,2017-03-29 18:35:58 UTC
312,302,9749,"""Cetacea""",11,2017-03-29 18:35:58 UTC,2017-03-29 18:35:58 UTC
313,302,9749,"""Odontoceti""",12,2017-03-29 18:35:58 UTC,2017-03-29 18:35:58 UTC
314,302,9749,"""Monodontidae""",13,2017-03-29 18:35:58 UTC,2017-03-29 18:35:58 UTC
315,302,9749,"""Delphinapterus""",14,2017-03-29 18:35:58 UTC,2017-03-29 18:35:58 UTC
331,331,49314,"""Eukaryota""",1,2017-03-29 18:35:59 UTC,2017-03-29 18:35:59 UTC
332,331,49314,"""Viridiplantae""",2,2017-03-29 18:35:59 UTC,2017-03-29 18:35:59 UTC
333,331,49314,"""Streptophyta""",3,2017-03-29 18:35:59 UTC,2017-03-29 18:35:59 UTC
334,331,49314,"""Embryophyta""",4,2017-03-29 18:35:59 UTC,2017-03-29 18:35:59 UTC
335,331,49314,"""Tracheophyta""",5,2017-03-29 18:35:59 UTC,2017-03-29 18:35:59 UTC
336,331,49314,"""Spermatophyta""",6,2017-03-29 18:35:59 UTC,2017-03-29 18:35:59 UTC
337,331,49314,"""Magnoliophyta""",7,2017-03-29 18:35:59 UTC,2017-03-29 18:35:59 UTC
338,331,49314,"""Magnoliidae""",8,2017-03-29 18:35:59 UTC,2017-03-29 18:35:59 UTC
339,331,49314,"""Magnoliales""",9,2017-03-29 18:35:59 UTC,2017-03-29 18:35:59 UTC
340,331,49314,"""Annonaceae""",10,2017-03-29 18:35:59 UTC,2017-03-29 18:35:59 UTC
341,331,49314,"""Annona""",11,2017-03-29 18:35:59 UTC,2017-03-29 18:35:59 UTC
342,342,80720,"""Eukaryota""",1,2017-03-29 18:35:59 UTC,2017-03-29 18:35:59 UTC
343,342,80720,"""Metazoa""",2,2017-03-29 18:35:59 UTC,2017-03-29 18:35:59 UTC
344,342,80720,"""Chordata""",3,2017-03-29 18:35:59 UTC,2017-03-29 18:35:59 UTC
345,342,80720,"""Craniata""",4,2017-03-29 18:35:59 UTC,2017-03-29 18:35:59 UTC
346,342,80720,"""Vertebrata""",5,2017-03-29 18:35:59 UTC,2017-03-29 18:35:59 UTC
347,342,80720,"""Euteleostomi""",6,2017-03-29 18:35:59 UTC,2017-03-29 18:35:59 UTC
348,342,80720,"""Actinopterygii""",7,2017-03-29 18:35:59 UTC,2017-03-29 18:35:59 UTC
349,342,80720,"""Neopterygii""",8,2017-03-29 18:35:59 UTC,2017-03-29 18:35:59 UTC
350,342,80720,"""Teleostei""",9,2017-03-29 18:35:59 UTC,2017-03-29 18:35:59 UTC
351,342,80720,"""Neoteleostei""",10,2017-03-29 18:35:59 UTC,2017-03-29 18:35:59 UTC
352,342,80720,"""Acanthomorphata""",11,2017-03-29 18:35:59 UTC,2017-03-29 18:35:59 UTC
353,342,80720,"""Zeiogadaria""",12,2017-03-29 18:35:59 UTC,2017-03-29 18:35:59 UTC
354,342,80720,"""Gadariae""",13,2017-03-29 18:35:59 UTC,2017-03-29 18:35:59 UTC
355,342,80720,"""Gadiformes""",14,2017-03-29 18:35:59 UTC,2017-03-29 18:35:59 UTC
356,342,80720,"""Gadoidei""",15,2017-03-29 18:35:59 UTC,2017-03-29 18:35:59 UTC
357,342,80720,"""Gadidae""",16,2017-03-29 18:35:59 UTC,2017-03-29 18:35:59 UTC
358,342,80720,"""Gadus""",17,2017-03-29 18:35:59 UTC,2017-03-29 18:35:59 UTC
359,359,29965,"""Eukaryota""",1,2017-03-29 18:35:59 UTC,2017-03-29 18:35:59 UTC
360,359,29965,"""Metazoa""",2,2017-03-29 18:35:59 UTC,2017-03-29 18:35:59 UTC
361,359,29965,"""Ecdysozoa""",3,2017-03-29 18:35:59 UTC,2017-03-29 18:35:59 UTC
362,359,29965,"""Arthropoda""",4,2017-03-29 18:35:59 UTC,2017-03-29 18:35:59 UTC
363,359,29965,"""Crustacea""",5,2017-03-29 18:35:59 UTC,2017-03-29 18:35:59 UTC
364,359,29965,"""Malacostraca""",6,2017-03-29 18:35:59 UTC,2017-03-29 18:35:59 UTC
365,359,29965,"""Eumalacostraca""",7,2017-03-29 18:35:59 UTC,2017-03-29 18:35:59 UTC
366,359,29965,"""Eucarida""",8,2017-03-29 18:35:59 UTC,2017-03-29 18:35:59 UTC
367,359,29965,"""Decapoda""",9,2017-03-29 18:35:59 UTC,2017-03-29 18:35:59 UTC
368,359,29965,"""Pleocyemata""",10,2017-03-29 18:35:59 UTC,2017-03-29 18:35:59 UTC
369,359,29965,"""Brachyura""",11,2017-03-29 18:35:59 UTC,2017-03-29 18:35:59 UTC
370,359,29965,"""Eubrachyura""",12,2017-03-29 18:35:59 UTC,2017-03-29 18:35:59 UTC
371,359,29965,"""Cancroidea""",13,2017-03-29 18:35:59 UTC,2017-03-29 18:35:59 UTC
372,359,29965,"""Cancridae""",14,2017-03-29 18:35:59 UTC,2017-03-29 18:35:59 UTC
373,359,29965,"""Metacarcinus""",15,2017-03-29 18:35:59 UTC,2017-03-29 18:35:59 UTC
374,374,3603,"""Eukaryota""",1,2017-03-29 18:35:59 UTC,2017-03-29 18:35:59 UTC
375,374,3603,"""Viridiplantae""",2,2017-03-29 18:35:59 UTC,2017-03-29 18:35:59 UTC
376,374,3603,"""Streptophyta""",3,2017-03-29 18:35:59 UTC,2017-03-29 18:35:59 UTC
377,374,3603,"""Embryophyta""",4,2017-03-29 18:35:59 UTC,2017-03-29 18:35:59 UTC
378,374,3603,"""Tracheophyta""",5,2017-03-29 18:35:59 UTC,2017-03-29 18:35:59 UTC
379,374,3603,"""Spermatophyta""",6,2017-03-29 18:35:59 UTC,2017-03-29 18:35:59 UTC
380,374,3603,"""Magnoliophyta""",7,2017-03-29 18:35:59 UTC,2017-03-29 18:35:59 UTC
381,374,3603,"""eudicotyledons""",8,2017-03-29 18:35:59 UTC,2017-03-29 18:35:59 UTC
382,374,3603,"""Gunneridae""",9,2017-03-29 18:35:59 UTC,2017-03-29 18:35:59 UTC
383,374,3603,"""Pentapetalae""",10,2017-03-29 18:35:59 UTC,2017-03-29 18:35:59 UTC
384,374,3603,"""rosids""",11,2017-03-29 18:35:59 UTC,2017-03-29 18:35:59 UTC
385,374,3603,"""Vitales""",12,2017-03-29 18:35:59 UTC,2017-03-29 18:35:59 UTC
386,374,3603,"""Vitaceae""",13,2017-03-29 18:35:59 UTC,2017-03-29 18:35:59 UTC
387,374,3603,"""Vitis""",14,2017-03-29 18:35:59 UTC,2017-03-29 18:35:59 UTC
388,388,271940,"""Eukaryota""",1,2017-03-29 18:35:59 UTC,2017-03-29 18:35:59 UTC
389,388,271940,"""Metazoa""",2,2017-03-29 18:35:59 UTC,2017-03-29 18:35:59 UTC
390,388,271940,"""Chordata""",3,2017-03-29 18:35:59 UTC,2017-03-29 18:35:59 UTC
391,388,271940,"""Craniata""",4,2017-03-29 18:35:59 UTC,2017-03-29 18:35:59 UTC
392,388,271940,"""Vertebrata""",5,2017-03-29 18:35:59 UTC,2017-03-29 18:35:59 UTC
393,388,271940,"""Euteleostomi""",6,2017-03-29 18:35:59 UTC,2017-03-29 18:35:59 UTC
394,388,271940,"""Actinopterygii""",7,2017-03-29 18:35:59 UTC,2017-03-29 18:35:59 UTC
395,388,271940,"""Neopterygii""",8,2017-03-29 18:35:59 UTC,2017-03-29 18:35:59 UTC
396,388,271940,"""Teleostei""",9,2017-03-29 18:35:59 UTC,2017-03-29 18:35:59 UTC
397,388,271940,"""Neoteleostei""",10,2017-03-29 18:35:59 UTC,2017-03-29 18:35:59 UTC
398,388,271940,"""Acanthomorphata""",11,2017-03-29 18:35:59 UTC,2017-03-29 18:35:59 UTC
399,388,271940,"""Carangaria""",12,2017-03-29 18:35:59 UTC,2017-03-29 18:35:59 UTC
400,388,271940,"""Carangiformes""",13,2017-03-29 18:35:59 UTC,2017-03-29 18:35:59 UTC
401,388,271940,"""Carangidae""",14,2017-03-29 18:35:59 UTC,2017-03-29 18:35:59 UTC
402,388,271940,"""Trachurus""",15,2017-03-29 18:35:59 UTC,2017-03-29 18:35:59 UTC
403,403,225387,"""Eukaryota""",1,2017-03-29 18:35:59 UTC,2017-03-29 18:35:59 UTC
404,403,225387,"""Metazoa""",2,2017-03-29 18:35:59 UTC,2017-03-29 18:35:59 UTC
405,403,225387,"""Chordata""",3,2017-03-29 18:35:59 UTC,2017-03-29 18:35:59 UTC
406,403,225387,"""Craniata""",4,2017-03-29 18:35:59 UTC,2017-03-29 18:35:59 UTC
407,403,225387,"""Vertebrata""",5,2017-03-29 18:35:59 UTC,2017-03-29 18:35:59 UTC
408,403,225387,"""Euteleostomi""",6,2017-03-29 18:35:59 UTC,2017-03-29 18:35:59 UTC
409,403,225387,"""Actinopterygii""",7,2017-03-29 18:35:59 UTC,2017-03-29 18:35:59 UTC
410,403,225387,"""Neopterygii""",8,2017-03-29 18:36:00 UTC,2017-03-29 18:36:00 UTC
411,403,225387,"""Teleostei""",9,2017-03-29 18:36:00 UTC,2017-03-29 18:36:00 UTC
412,403,225387,"""Neoteleostei""",10,2017-03-29 18:36:00 UTC,2017-03-29 18:36:00 UTC
413,403,225387,"""Acanthomorphata""",11,2017-03-29 18:36:00 UTC,2017-03-29 18:36:00 UTC
414,403,225387,"""Eupercaria""",12,2017-03-29 18:36:00 UTC,2017-03-29 18:36:00 UTC
415,403,225387,"""Perciformes""",13,2017-03-29 18:36:00 UTC,2017-03-29 18:36:00 UTC
416,403,225387,"""Cottioidei""",14,2017-03-29 18:36:00 UTC,2017-03-29 18:36:00 UTC
417,403,225387,"""Hexagrammales""",15,2017-03-29 18:36:00 UTC,2017-03-29 18:36:00 UTC
418,403,225387,"""Hexagrammidae""",16,2017-03-29 18:36:00 UTC,2017-03-29 18:36:00 UTC
419,403,225387,"""Ophiodon""",17,2017-03-29 18:36:00 UTC,2017-03-29 18:36:00 UTC
420,420,3728,"""Eukaryota""",1,2017-03-29 18:36:00 UTC,2017-03-29 18:36:00 UTC
421,420,3728,"""Viridiplantae""",2,2017-03-29 18:36:00 UTC,2017-03-29 18:36:00 UTC
422,420,3728,"""Streptophyta""",3,2017-03-29 18:36:00 UTC,2017-03-29 18:36:00 UTC
423,420,3728,"""Embryophyta""",4,2017-03-29 18:36:00 UTC,2017-03-29 18:36:00 UTC
424,420,3728,"""Tracheophyta""",5,2017-03-29 18:36:00 UTC,2017-03-29 18:36:00 UTC
425,420,3728,"""Spermatophyta""",6,2017-03-29 18:36:00 UTC,2017-03-29 18:36:00 UTC
426,420,3728,"""Magnoliophyta""",7,2017-03-29 18:36:00 UTC,2017-03-29 18:36:00 UTC
427,420,3728,"""eudicotyledons""",8,2017-03-29 18:36:00 UTC,2017-03-29 18:36:00 UTC
428,420,3728,"""Gunneridae""",9,2017-03-29 18:36:00 UTC,2017-03-29 18:36:00 UTC
429,420,3728,"""Pentapetalae""",10,2017-03-29 18:36:00 UTC,2017-03-29 18:36:00 UTC
430,420,3728,"""rosids""",11,2017-03-29 18:36:00 UTC,2017-03-29 18:36:00 UTC
431,420,3728,"""malvids""",12,2017-03-29 18:36:00 UTC,2017-03-29 18:36:00 UTC
432,420,3728,"""Brassicales""",13,2017-03-29 18:36:00 UTC,2017-03-29 18:36:00 UTC
433,420,3728,"""Brassicaceae""",14,2017-03-29 18:36:00 UTC,2017-03-29 18:36:00 UTC
434,420,3728,"""Brassiceae""",15,2017-03-29 18:36:00 UTC,2017-03-29 18:36:00 UTC
435,420,3728,"""Sinapis""",16,2017-03-29 18:36:00 UTC,2017-03-29 18:36:00 UTC
436,436,40321,"""Eukaryota""",1,2017-03-29 18:36:00 UTC,2017-03-29 18:36:00 UTC
437,436,40321,"""Viridiplantae""",2,2017-03-29 18:36:00 UTC,2017-03-29 18:36:00 UTC
438,436,40321,"""Streptophyta""",3,2017-03-29 18:36:00 UTC,2017-03-29 18:36:00 UTC
439,436,40321,"""Embryophyta""",4,2017-03-29 18:36:00 UTC,2017-03-29 18:36:00 UTC
440,436,40321,"""Tracheophyta""",5,2017-03-29 18:36:00 UTC,2017-03-29 18:36:00 UTC
441,436,40321,"""Spermatophyta""",6,2017-03-29 18:36:00 UTC,2017-03-29 18:36:00 UTC
442,436,40321,"""Magnoliophyta""",7,2017-03-29 18:36:00 UTC,2017-03-29 18:36:00 UTC
443,436,40321,"""eudicotyledons""",8,2017-03-29 18:36:00 UTC,2017-03-29 18:36:00 UTC
444,436,40321,"""Gunneridae""",9,2017-03-29 18:36:00 UTC,2017-03-29 18:36:00 UTC
445,436,40321,"""Pentapetalae""",10,2017-03-29 18:36:00 UTC,2017-03-29 18:36:00 UTC
446,436,40321,"""asterids""",11,2017-03-29 18:36:00 UTC,2017-03-29 18:36:00 UTC
447,436,40321,"""lamiids""",12,2017-03-29 18:36:00 UTC,2017-03-29 18:36:00 UTC
448,436,40321,"""Solanales""",13,2017-03-29 18:36:00 UTC,2017-03-29 18:36:00 UTC
449,436,40321,"""Solanaceae""",14,2017-03-29 18:36:00 UTC,2017-03-29 18:36:00 UTC
450,436,40321,"""Solanoideae""",15,2017-03-29 18:36:00 UTC,2017-03-29 18:36:00 UTC
451,436,40321,"""Capsiceae""",16,2017-03-29 18:36:00 UTC,2017-03-29 18:36:00 UTC
452,436,40321,"""Capsicum""",17,2017-03-29 18:36:00 UTC,2017-03-29 18:36:00 UTC
453,453,8014,"""Eukaryota""",1,2017-03-29 18:36:00 UTC,2017-03-29 18:36:00 UTC
454,453,8014,"""Metazoa""",2,2017-03-29 18:36:00 UTC,2017-03-29 18:36:00 UTC
455,453,8014,"""Chordata""",3,2017-03-29 18:36:00 UTC,2017-03-29 18:36:00 UTC
456,453,8014,"""Craniata""",4,2017-03-29 18:36:00 UTC,2017-03-29 18:36:00 UTC
457,453,8014,"""Vertebrata""",5,2017-03-29 18:36:00 UTC,2017-03-29 18:36:00 UTC
458,453,8014,"""Euteleostomi""",6,2017-03-29 18:36:00 UTC,2017-03-29 18:36:00 UTC
459,453,8014,"""Actinopterygii""",7,2017-03-29 18:36:00 UTC,2017-03-29 18:36:00 UTC
460,453,8014,"""Neopterygii""",8,2017-03-29 18:36:00 UTC,2017-03-29 18:36:00 UTC
461,453,8014,"""Teleostei""",9,2017-03-29 18:36:00 UTC,2017-03-29 18:36:00 UTC
462,453,8014,"""Stomiatii""",10,2017-03-29 18:36:00 UTC,2017-03-29 18:36:00 UTC
463,453,8014,"""Osmeriformes""",11,2017-03-29 18:36:00 UTC,2017-03-29 18:36:00 UTC
464,453,8014,"""Osmeridae""",12,2017-03-29 18:36:00 UTC,2017-03-29 18:36:00 UTC
465,453,8014,"""Osmerus""",13,2017-03-29 18:36:00 UTC,2017-03-29 18:36:00 UTC
466,466,59499,"""Eukaryota""",1,2017-03-29 18:36:00 UTC,2017-03-29 18:36:00 UTC
467,466,59499,"""Viridiplantae""",2,2017-03-29 18:36:00 UTC,2017-03-29 18:36:00 UTC
468,466,59499,"""Streptophyta""",3,2017-03-29 18:36:00 UTC,2017-03-29 18:36:00 UTC
469,466,59499,"""Embryophyta""",4,2017-03-29 18:36:00 UTC,2017-03-29 18:36:00 UTC
470,466,59499,"""Tracheophyta""",5,2017-03-29 18:36:00 UTC,2017-03-29 18:36:00 UTC
471,466,59499,"""Spermatophyta""",6,2017-03-29 18:36:00 UTC,2017-03-29 18:36:00 UTC
472,466,59499,"""Magnoliophyta""",7,2017-03-29 18:36:00 UTC,2017-03-29 18:36:00 UTC
473,466,59499,"""eudicotyledons""",8,2017-03-29 18:36:00 UTC,2017-03-29 18:36:00 UTC
474,466,59499,"""Gunneridae""",9,2017-03-29 18:36:00 UTC,2017-03-29 18:36:00 UTC
475,466,59499,"""Pentapetalae""",10,2017-03-29 18:36:00 UTC,2017-03-29 18:36:00 UTC
476,466,59499,"""rosids""",11,2017-03-29 18:36:00 UTC,2017-03-29 18:36:00 UTC
477,466,59499,"""fabids""",12,2017-03-29 18:36:00 UTC,2017-03-29 18:36:00 UTC
478,466,59499,"""Rosales""",13,2017-03-29 18:36:00 UTC,2017-03-29 18:36:00 UTC
479,466,59499,"""Rosaceae""",14,2017-03-29 18:36:00 UTC,2017-03-29 18:36:00 UTC
480,466,59499,"""Rosoideae""",15,2017-03-29 18:36:00 UTC,2017-03-29 18:36:00 UTC
481,466,59499,"""Rosoideae unplaced""",16,2017-03-29 18:36:00 UTC,2017-03-29 18:36:00 UTC
482,466,59499,"""Rubus""",17,2017-03-29 18:36:00 UTC,2017-03-29 18:36:00 UTC
498,498,8245,"""Eukaryota""",1,2017-03-29 18:36:01 UTC,2017-03-29 18:36:01 UTC
499,498,8245,"""Metazoa""",2,2017-03-29 18:36:01 UTC,2017-03-29 18:36:01 UTC
500,498,8245,"""Chordata""",3,2017-03-29 18:36:01 UTC,2017-03-29 18:36:01 UTC
501,498,8245,"""Craniata""",4,2017-03-29 18:36:01 UTC,2017-03-29 18:36:01 UTC
502,498,8245,"""Vertebrata""",5,2017-03-29 18:36:01 UTC,2017-03-29 18:36:01 UTC
503,498,8245,"""Euteleostomi""",6,2017-03-29 18:36:01 UTC,2017-03-29 18:36:01 UTC
504,498,8245,"""Actinopterygii""",7,2017-03-29 18:36:01 UTC,2017-03-29 18:36:01 UTC
505,498,8245,"""Neopterygii""",8,2017-03-29 18:36:01 UTC,2017-03-29 18:36:01 UTC
506,498,8245,"""Teleostei""",9,2017-03-29 18:36:01 UTC,2017-03-29 18:36:01 UTC
507,498,8245,"""Neoteleostei""",10,2017-03-29 18:36:01 UTC,2017-03-29 18:36:01 UTC
508,498,8245,"""Acanthomorphata""",11,2017-03-29 18:36:01 UTC,2017-03-29 18:36:01 UTC
509,498,8245,"""Carangaria""",12,2017-03-29 18:36:01 UTC,2017-03-29 18:36:01 UTC
510,498,8245,"""Istiophoriformes""",13,2017-03-29 18:36:01 UTC,2017-03-29 18:36:01 UTC
511,498,8245,"""Xiphiidae""",14,2017-03-29 18:36:01 UTC,2017-03-29 18:36:01 UTC
512,498,8245,"""Xiphias""",15,2017-03-29 18:36:01 UTC,2017-03-29 18:36:01 UTC
513,513,348707,"""Eukaryota""",1,2017-03-29 18:36:01 UTC,2017-03-29 18:36:01 UTC
514,513,348707,"""Metazoa""",2,2017-03-29 18:36:01 UTC,2017-03-29 18:36:01 UTC
515,513,348707,"""Chordata""",3,2017-03-29 18:36:01 UTC,2017-03-29 18:36:01 UTC
516,513,348707,"""Craniata""",4,2017-03-29 18:36:01 UTC,2017-03-29 18:36:01 UTC
517,513,348707,"""Vertebrata""",5,2017-03-29 18:36:01 UTC,2017-03-29 18:36:01 UTC
518,513,348707,"""Euteleostomi""",6,2017-03-29 18:36:01 UTC,2017-03-29 18:36:01 UTC
519,513,348707,"""Actinopterygii""",7,2017-03-29 18:36:01 UTC,2017-03-29 18:36:01 UTC
520,513,348707,"""Neopterygii""",8,2017-03-29 18:36:01 UTC,2017-03-29 18:36:01 UTC
521,513,348707,"""Teleostei""",9,2017-03-29 18:36:01 UTC,2017-03-29 18:36:01 UTC
522,513,348707,"""Protacanthopterygii""",10,2017-03-29 18:36:01 UTC,2017-03-29 18:36:01 UTC
523,513,348707,"""Salmoniformes""",11,2017-03-29 18:36:01 UTC,2017-03-29 18:36:01 UTC
524,513,348707,"""Salmonidae""",12,2017-03-29 18:36:01 UTC,2017-03-29 18:36:01 UTC
525,513,348707,"""Coregoninae""",13,2017-03-29 18:36:01 UTC,2017-03-29 18:36:01 UTC
526,513,348707,"""Coregonus""",14,2017-03-29 18:36:01 UTC,2017-03-29 18:36:01 UTC
527,527,8267,"""Eukaryota""",1,2017-03-29 18:36:01 UTC,2017-03-29 18:36:01 UTC
528,527,8267,"""Metazoa""",2,2017-03-29 18:36:01 UTC,2017-03-29 18:36:01 UTC
529,527,8267,"""Chordata""",3,2017-03-29 18:36:01 UTC,2017-03-29 18:36:01 UTC
530,527,8267,"""Craniata""",4,2017-03-29 18:36:01 UTC,2017-03-29 18:36:01 UTC
531,527,8267,"""Vertebrata""",5,2017-03-29 18:36:01 UTC,2017-03-29 18:36:01 UTC
532,527,8267,"""Euteleostomi""",6,2017-03-29 18:36:01 UTC,2017-03-29 18:36:01 UTC
533,527,8267,"""Actinopterygii""",7,2017-03-29 18:36:01 UTC,2017-03-29 18:36:01 UTC
534,527,8267,"""Neopterygii""",8,2017-03-29 18:36:01 UTC,2017-03-29 18:36:01 UTC
535,527,8267,"""Teleostei""",9,2017-03-29 18:36:01 UTC,2017-03-29 18:36:01 UTC
536,527,8267,"""Neoteleostei""",10,2017-03-29 18:36:01 UTC,2017-03-29 18:36:01 UTC
537,527,8267,"""Acanthomorphata""",11,2017-03-29 18:36:01 UTC,2017-03-29 18:36:01 UTC
538,527,8267,"""Carangaria""",12,2017-03-29 18:36:01 UTC,2017-03-29 18:36:01 UTC
539,527,8267,"""Pleuronectiformes""",13,2017-03-29 18:36:01 UTC,2017-03-29 18:36:01 UTC
540,527,8267,"""Pleuronectoidei""",14,2017-03-29 18:36:01 UTC,2017-03-29 18:36:01 UTC
541,527,8267,"""Pleuronectidae""",15,2017-03-29 18:36:01 UTC,2017-03-29 18:36:01 UTC
542,527,8267,"""Hippoglossus""",16,2017-03-29 18:36:01 UTC,2017-03-29 18:36:01 UTC
543,544,6544,"""Eukaryota""",1,2017-03-29 18:36:01 UTC,2017-03-29 18:36:01 UTC
544,544,6544,"""Metazoa""",2,2017-03-29 18:36:01 UTC,2017-03-29 18:36:01 UTC
545,544,6544,"""Lophotrochozoa""",3,2017-03-29 18:36:01 UTC,2017-03-29 18:36:01 UTC
546,544,6544,"""Mollusca""",4,2017-03-29 18:36:01 UTC,2017-03-29 18:36:01 UTC
547,544,6544,"""Bivalvia""",5,2017-03-29 18:36:01 UTC,2017-03-29 18:36:01 UTC
548,548,8252,"""Eukaryota""",1,2017-03-29 18:36:01 UTC,2017-03-29 18:36:01 UTC
549,548,8252,"""Metazoa""",2,2017-03-29 18:36:01 UTC,2017-03-29 18:36:01 UTC
550,548,8252,"""Chordata""",3,2017-03-29 18:36:01 UTC,2017-03-29 18:36:01 UTC
551,548,8252,"""Craniata""",4,2017-03-29 18:36:01 UTC,2017-03-29 18:36:01 UTC
552,548,8252,"""Vertebrata""",5,2017-03-29 18:36:01 UTC,2017-03-29 18:36:01 UTC
553,548,8252,"""Euteleostomi""",6,2017-03-29 18:36:01 UTC,2017-03-29 18:36:01 UTC
554,548,8252,"""Actinopterygii""",7,2017-03-29 18:36:01 UTC,2017-03-29 18:36:01 UTC
555,548,8252,"""Neopterygii""",8,2017-03-29 18:36:01 UTC,2017-03-29 18:36:01 UTC
556,548,8252,"""Teleostei""",9,2017-03-29 18:36:02 UTC,2017-03-29 18:36:02 UTC
557,548,8252,"""Neoteleostei""",10,2017-03-29 18:36:02 UTC,2017-03-29 18:36:02 UTC
558,548,8252,"""Acanthomorphata""",11,2017-03-29 18:36:02 UTC,2017-03-29 18:36:02 UTC
559,548,8252,"""Carangaria""",12,2017-03-29 18:36:02 UTC,2017-03-29 18:36:02 UTC
560,548,8252,"""Pleuronectiformes""",13,2017-03-29 18:36:02 UTC,2017-03-29 18:36:02 UTC
561,561,5341,"""Eukaryota""",1,2017-03-29 18:36:02 UTC,2017-03-29 18:36:02 UTC
562,561,5341,"""Fungi""",2,2017-03-29 18:36:02 UTC,2017-03-29 18:36:02 UTC
563,561,5341,"""Dikarya""",3,2017-03-29 18:36:02 UTC,2017-03-29 18:36:02 UTC
564,561,5341,"""Basidiomycota""",4,2017-03-29 18:36:02 UTC,2017-03-29 18:36:02 UTC
565,561,5341,"""Agaricomycotina""",5,2017-03-29 18:36:02 UTC,2017-03-29 18:36:02 UTC
566,561,5341,"""Agaricomycetes""",6,2017-03-29 18:36:02 UTC,2017-03-29 18:36:02 UTC
567,561,5341,"""Agaricomycetidae""",7,2017-03-29 18:36:02 UTC,2017-03-29 18:36:02 UTC
568,561,5341,"""Agaricales""",8,2017-03-29 18:36:02 UTC,2017-03-29 18:36:02 UTC
569,561,5341,"""Agaricaceae""",9,2017-03-29 18:36:02 UTC,2017-03-29 18:36:02 UTC
570,561,5341,"""Agaricus""",10,2017-03-29 18:36:02 UTC,2017-03-29 18:36:02 UTC
571,571,59837,"""Eukaryota""",1,2017-03-29 18:36:02 UTC,2017-03-29 18:36:02 UTC
572,571,59837,"""Metazoa""",2,2017-03-29 18:36:02 UTC,2017-03-29 18:36:02 UTC
573,571,59837,"""Chordata""",3,2017-03-29 18:36:02 UTC,2017-03-29 18:36:02 UTC
574,571,59837,"""Craniata""",4,2017-03-29 18:36:02 UTC,2017-03-29 18:36:02 UTC
575,571,59837,"""Vertebrata""",5,2017-03-29 18:36:02 UTC,2017-03-29 18:36:02 UTC
576,571,59837,"""Euteleostomi""",6,2017-03-29 18:36:02 UTC,2017-03-29 18:36:02 UTC
577,571,59837,"""Actinopterygii""",7,2017-03-29 18:36:02 UTC,2017-03-29 18:36:02 UTC
578,571,59837,"""Neopterygii""",8,2017-03-29 18:36:02 UTC,2017-03-29 18:36:02 UTC
579,571,59837,"""Teleostei""",9,2017-03-29 18:36:02 UTC,2017-03-29 18:36:02 UTC
580,571,59837,"""Neoteleostei""",10,2017-03-29 18:36:02 UTC,2017-03-29 18:36:02 UTC
581,571,59837,"""Acanthomorphata""",11,2017-03-29 18:36:02 UTC,2017-03-29 18:36:02 UTC
582,571,59837,"""Eupercaria""",12,2017-03-29 18:36:02 UTC,2017-03-29 18:36:02 UTC
583,571,59837,"""Sciaenidae""",13,2017-03-29 18:36:02 UTC,2017-03-29 18:36:02 UTC
584,571,59837,"""Leiostomus""",14,2017-03-29 18:36:02 UTC,2017-03-29 18:36:02 UTC
585,585,8033,"""Eukaryota""",1,2017-03-29 18:36:02 UTC,2017-03-29 18:36:02 UTC
586,585,8033,"""Metazoa""",2,2017-03-29 18:36:02 UTC,2017-03-29 18:36:02 UTC
587,585,8033,"""Chordata""",3,2017-03-29 18:36:02 UTC,2017-03-29 18:36:02 UTC
588,585,8033,"""Craniata""",4,2017-03-29 18:36:02 UTC,2017-03-29 18:36:02 UTC
589,585,8033,"""Vertebrata""",5,2017-03-29 18:36:02 UTC,2017-03-29 18:36:02 UTC
590,585,8033,"""Euteleostomi""",6,2017-03-29 18:36:02 UTC,2017-03-29 18:36:02 UTC
591,585,8033,"""Actinopterygii""",7,2017-03-29 18:36:02 UTC,2017-03-29 18:36:02 UTC
592,585,8033,"""Neopterygii""",8,2017-03-29 18:36:02 UTC,2017-03-29 18:36:02 UTC
593,585,8033,"""Teleostei""",9,2017-03-29 18:36:02 UTC,2017-03-29 18:36:02 UTC
594,585,8033,"""Protacanthopterygii""",10,2017-03-29 18:36:02 UTC,2017-03-29 18:36:02 UTC
595,585,8033,"""Salmoniformes""",11,2017-03-29 18:36:02 UTC,2017-03-29 18:36:02 UTC
596,585,8033,"""Salmonidae""",12,2017-03-29 18:36:02 UTC,2017-03-29 18:36:02 UTC
597,585,8033,"""Salmoninae""",13,2017-03-29 18:36:02 UTC,2017-03-29 18:36:02 UTC
598,585,8033,"""Salvelinus""",14,2017-03-29 18:36:02 UTC,2017-03-29 18:36:02 UTC
599,599,8101,"""Eukaryota""",1,2017-03-29 18:36:02 UTC,2017-03-29 18:36:02 UTC
600,599,8101,"""Metazoa""",2,2017-03-29 18:36:02 UTC,2017-03-29 18:36:02 UTC
601,599,8101,"""Chordata""",3,2017-03-29 18:36:02 UTC,2017-03-29 18:36:02 UTC
602,599,8101,"""Craniata""",4,2017-03-29 18:36:02 UTC,2017-03-29 18:36:02 UTC
603,599,8101,"""Vertebrata""",5,2017-03-29 18:36:02 UTC,2017-03-29 18:36:02 UTC
604,599,8101,"""Euteleostomi""",6,2017-03-29 18:36:02 UTC,2017-03-29 18:36:02 UTC
605,599,8101,"""Actinopterygii""",7,2017-03-29 18:36:02 UTC,2017-03-29 18:36:02 UTC
606,599,8101,"""Neopterygii""",8,2017-03-29 18:36:02 UTC,2017-03-29 18:36:02 UTC
607,599,8101,"""Teleostei""",9,2017-03-29 18:36:02 UTC,2017-03-29 18:36:02 UTC
608,599,8101,"""Neoteleostei""",10,2017-03-29 18:36:02 UTC,2017-03-29 18:36:02 UTC
609,599,8101,"""Acanthomorphata""",11,2017-03-29 18:36:02 UTC,2017-03-29 18:36:02 UTC
610,599,8101,"""Eupercaria""",12,2017-03-29 18:36:02 UTC,2017-03-29 18:36:02 UTC
611,599,8101,"""Perciformes""",13,2017-03-29 18:36:02 UTC,2017-03-29 18:36:02 UTC
612,599,8101,"""Cottioidei""",14,2017-03-29 18:36:02 UTC,2017-03-29 18:36:02 UTC
613,599,8101,"""Cottales""",15,2017-03-29 18:36:02 UTC,2017-03-29 18:36:02 UTC
614,599,8101,"""Cyclopteridae""",16,2017-03-29 18:36:02 UTC,2017-03-29 18:36:02 UTC
615,615,2763,"""Eukaryota""",1,2017-03-29 18:36:02 UTC,2017-03-29 18:36:02 UTC
616,615,2763,"""Rhodophyta""",2,2017-03-29 18:36:02 UTC,2017-03-29 18:36:02 UTC
617,617,6448,"""Eukaryota""",1,2017-03-29 18:36:02 UTC,2017-03-29 18:36:02 UTC
618,617,6448,"""Metazoa""",2,2017-03-29 18:36:02 UTC,2017-03-29 18:36:02 UTC
619,617,6448,"""Lophotrochozoa""",3,2017-03-29 18:36:02 UTC,2017-03-29 18:36:02 UTC
620,617,6448,"""Mollusca""",4,2017-03-29 18:36:02 UTC,2017-03-29 18:36:02 UTC
621,617,6448,"""Gastropoda""",5,2017-03-29 18:36:02 UTC,2017-03-29 18:36:02 UTC
622,622,16718,"""Eukaryota""",1,2017-03-29 18:36:02 UTC,2017-03-29 18:36:02 UTC
623,622,16718,"""Viridiplantae""",2,2017-03-29 18:36:02 UTC,2017-03-29 18:36:02 UTC
624,622,16718,"""Streptophyta""",3,2017-03-29 18:36:02 UTC,2017-03-29 18:36:02 UTC
625,622,16718,"""Embryophyta""",4,2017-03-29 18:36:02 UTC,2017-03-29 18:36:02 UTC
626,622,16718,"""Tracheophyta""",5,2017-03-29 18:36:02 UTC,2017-03-29 18:36:02 UTC
627,622,16718,"""Spermatophyta""",6,2017-03-29 18:36:02 UTC,2017-03-29 18:36:02 UTC
628,622,16718,"""Magnoliophyta""",7,2017-03-29 18:36:02 UTC,2017-03-29 18:36:02 UTC
629,622,16718,"""eudicotyledons""",8,2017-03-29 18:36:02 UTC,2017-03-29 18:36:02 UTC
630,622,16718,"""Gunneridae""",9,2017-03-29 18:36:02 UTC,2017-03-29 18:36:02 UTC
631,622,16718,"""Pentapetalae""",10,2017-03-29 18:36:03 UTC,2017-03-29 18:36:03 UTC
632,622,16718,"""rosids""",11,2017-03-29 18:36:03 UTC,2017-03-29 18:36:03 UTC
633,622,16718,"""fabids""",12,2017-03-29 18:36:03 UTC,2017-03-29 18:36:03 UTC
634,622,16718,"""Fagales""",13,2017-03-29 18:36:03 UTC,2017-03-29 18:36:03 UTC
635,622,16718,"""Juglandaceae""",14,2017-03-29 18:36:03 UTC,2017-03-29 18:36:03 UTC
636,622,16718,"""Juglans""",15,2017-03-29 18:36:03 UTC,2017-03-29 18:36:03 UTC
637,723,8113,"""Eukaryota""",1,2017-03-29 18:36:03 UTC,2017-03-29 18:36:03 UTC
638,723,8113,"""Metazoa""",2,2017-03-29 18:36:03 UTC,2017-03-29 18:36:03 UTC
639,723,8113,"""Chordata""",3,2017-03-29 18:36:03 UTC,2017-03-29 18:36:03 UTC
640,723,8113,"""Craniata""",4,2017-03-29 18:36:03 UTC,2017-03-29 18:36:03 UTC
641,723,8113,"""Vertebrata""",5,2017-03-29 18:36:03 UTC,2017-03-29 18:36:03 UTC
642,723,8113,"""Euteleostomi""",6,2017-03-29 18:36:03 UTC,2017-03-29 18:36:03 UTC
643,723,8113,"""Actinopterygii""",7,2017-03-29 18:36:03 UTC,2017-03-29 18:36:03 UTC
644,723,8113,"""Neopterygii""",8,2017-03-29 18:36:03 UTC,2017-03-29 18:36:03 UTC
645,723,8113,"""Teleostei""",9,2017-03-29 18:36:03 UTC,2017-03-29 18:36:03 UTC
646,723,8113,"""Neoteleostei""",10,2017-03-29 18:36:03 UTC,2017-03-29 18:36:03 UTC
647,723,8113,"""Acanthomorphata""",11,2017-03-29 18:36:03 UTC,2017-03-29 18:36:03 UTC
648,723,8113,"""Ovalentaria""",12,2017-03-29 18:36:03 UTC,2017-03-29 18:36:03 UTC
649,723,8113,"""Cichlomorphae""",13,2017-03-29 18:36:03 UTC,2017-03-29 18:36:03 UTC
650,723,8113,"""Cichliformes""",14,2017-03-29 18:36:03 UTC,2017-03-29 18:36:03 UTC
651,723,8113,"""Cichlidae""",15,2017-03-29 18:36:03 UTC,2017-03-29 18:36:03 UTC
652,726,8469,"""Eukaryota""",1,2017-03-29 18:36:03 UTC,2017-03-29 18:36:03 UTC
653,726,8469,"""Metazoa""",2,2017-03-29 18:36:03 UTC,2017-03-29 18:36:03 UTC
654,726,8469,"""Chordata""",3,2017-03-29 18:36:03 UTC,2017-03-29 18:36:03 UTC
655,726,8469,"""Craniata""",4,2017-03-29 18:36:03 UTC,2017-03-29 18:36:03 UTC
656,726,8469,"""Vertebrata""",5,2017-03-29 18:36:03 UTC,2017-03-29 18:36:03 UTC
657,726,8469,"""Euteleostomi""",6,2017-03-29 18:36:03 UTC,2017-03-29 18:36:03 UTC
658,726,8469,"""Archelosauria""",7,2017-03-29 18:36:03 UTC,2017-03-29 18:36:03 UTC
659,726,8469,"""Testudines""",8,2017-03-29 18:36:03 UTC,2017-03-29 18:36:03 UTC
660,726,8469,"""Cryptodira""",9,2017-03-29 18:36:03 UTC,2017-03-29 18:36:03 UTC
661,726,8469,"""Durocryptodira""",10,2017-03-29 18:36:03 UTC,2017-03-29 18:36:03 UTC
662,726,8469,"""Americhelydia""",11,2017-03-29 18:36:03 UTC,2017-03-29 18:36:03 UTC
663,726,8469,"""Chelonioidea""",12,2017-03-29 18:36:03 UTC,2017-03-29 18:36:03 UTC
664,726,8469,"""Cheloniidae""",13,2017-03-29 18:36:03 UTC,2017-03-29 18:36:03 UTC
665,726,8469,"""Chelonia""",14,2017-03-29 18:36:03 UTC,2017-03-29 18:36:03 UTC
666,748,183260,"""Eukaryota""",1,2017-03-29 18:36:03 UTC,2017-03-29 18:36:03 UTC
667,748,183260,"""Viridiplantae""",2,2017-03-29 18:36:03 UTC,2017-03-29 18:36:03 UTC
668,748,183260,"""Streptophyta""",3,2017-03-29 18:36:03 UTC,2017-03-29 18:36:03 UTC
669,748,183260,"""Embryophyta""",4,2017-03-29 18:36:03 UTC,2017-03-29 18:36:03 UTC
670,748,183260,"""Tracheophyta""",5,2017-03-29 18:36:03 UTC,2017-03-29 18:36:03 UTC
671,748,183260,"""Spermatophyta""",6,2017-03-29 18:36:03 UTC,2017-03-29 18:36:03 UTC
672,748,183260,"""Magnoliophyta""",7,2017-03-29 18:36:03 UTC,2017-03-29 18:36:03 UTC
673,748,183260,"""eudicotyledons""",8,2017-03-29 18:36:03 UTC,2017-03-29 18:36:03 UTC
674,748,183260,"""Gunneridae""",9,2017-03-29 18:36:03 UTC,2017-03-29 18:36:03 UTC
675,748,183260,"""Pentapetalae""",10,2017-03-29 18:36:03 UTC,2017-03-29 18:36:03 UTC
676,748,183260,"""rosids""",11,2017-03-29 18:36:03 UTC,2017-03-29 18:36:03 UTC
677,748,183260,"""malvids""",12,2017-03-29 18:36:03 UTC,2017-03-29 18:36:03 UTC
678,748,183260,"""Malvales""",13,2017-03-29 18:36:03 UTC,2017-03-29 18:36:03 UTC
679,748,183260,"""Malvaceae""",14,2017-03-29 18:36:03 UTC,2017-03-29 18:36:03 UTC
680,748,183260,"""Malvoideae""",15,2017-03-29 18:36:03 UTC,2017-03-29 18:36:03 UTC
681,748,183260,"""Hibiscus""",16,2017-03-29 18:36:03 UTC,2017-03-29 18:36:03 UTC
682,756,5192,"""Eukaryota""",1,2017-03-29 18:36:03 UTC,2017-03-29 18:36:03 UTC
683,756,5192,"""Fungi""",2,2017-03-29 18:36:03 UTC,2017-03-29 18:36:03 UTC
684,756,5192,"""Dikarya""",3,2017-03-29 18:36:03 UTC,2017-03-29 18:36:03 UTC
685,756,5192,"""Ascomycota""",4,2017-03-29 18:36:03 UTC,2017-03-29 18:36:03 UTC
686,756,5192,"""Pezizomycotina""",5,2017-03-29 18:36:03 UTC,2017-03-29 18:36:03 UTC
687,756,5192,"""Pezizomycetes""",6,2017-03-29 18:36:03 UTC,2017-03-29 18:36:03 UTC
688,756,5192,"""Pezizales""",7,2017-03-29 18:36:03 UTC,2017-03-29 18:36:03 UTC
689,756,5192,"""Morchellaceae""",8,2017-03-29 18:36:03 UTC,2017-03-29 18:36:03 UTC
690,786,61886,"""Eukaryota""",1,2017-03-29 18:36:03 UTC,2017-03-29 18:36:03 UTC
691,786,61886,"""Viridiplantae""",2,2017-03-29 18:36:03 UTC,2017-03-29 18:36:03 UTC
692,786,61886,"""Streptophyta""",3,2017-03-29 18:36:03 UTC,2017-03-29 18:36:03 UTC
693,786,61886,"""Embryophyta""",4,2017-03-29 18:36:03 UTC,2017-03-29 18:36:03 UTC
694,786,61886,"""Tracheophyta""",5,2017-03-29 18:36:03 UTC,2017-03-29 18:36:03 UTC
695,786,61886,"""Spermatophyta""",6,2017-03-29 18:36:03 UTC,2017-03-29 18:36:03 UTC
696,786,61886,"""Magnoliophyta""",7,2017-03-29 18:36:03 UTC,2017-03-29 18:36:03 UTC
697,786,61886,"""eudicotyledons""",8,2017-03-29 18:36:03 UTC,2017-03-29 18:36:03 UTC
698,786,61886,"""Gunneridae""",9,2017-03-29 18:36:03 UTC,2017-03-29 18:36:03 UTC
699,786,61886,"""Pentapetalae""",10,2017-03-29 18:36:03 UTC,2017-03-29 18:36:03 UTC
700,786,61886,"""rosids""",11,2017-03-29 18:36:03 UTC,2017-03-29 18:36:03 UTC
701,786,61886,"""fabids""",12,2017-03-29 18:36:03 UTC,2017-03-29 18:36:03 UTC
702,786,61886,"""Cucurbitales""",13,2017-03-29 18:36:03 UTC,2017-03-29 18:36:03 UTC
703,786,61886,"""Cucurbitaceae""",14,2017-03-29 18:36:03 UTC,2017-03-29 18:36:03 UTC
704,786,61886,"""Benincaseae""",15,2017-03-29 18:36:03 UTC,2017-03-29 18:36:03 UTC
705,786,61886,"""Cucumis""",16,2017-03-29 18:36:04 UTC,2017-03-29 18:36:04 UTC
706,797,138011,"""Eukaryota""",1,2017-03-29 18:36:04 UTC,2017-03-29 18:36:04 UTC
707,797,138011,"""Viridiplantae""",2,2017-03-29 18:36:04 UTC,2017-03-29 18:36:04 UTC
708,797,138011,"""Streptophyta""",3,2017-03-29 18:36:04 UTC,2017-03-29 18:36:04 UTC
709,797,138011,"""Embryophyta""",4,2017-03-29 18:36:04 UTC,2017-03-29 18:36:04 UTC
710,797,138011,"""Tracheophyta""",5,2017-03-29 18:36:04 UTC,2017-03-29 18:36:04 UTC
711,797,138011,"""Spermatophyta""",6,2017-03-29 18:36:04 UTC,2017-03-29 18:36:04 UTC
712,797,138011,"""Magnoliophyta""",7,2017-03-29 18:36:04 UTC,2017-03-29 18:36:04 UTC
713,797,138011,"""eudicotyledons""",8,2017-03-29 18:36:04 UTC,2017-03-29 18:36:04 UTC
714,797,138011,"""Gunneridae""",9,2017-03-29 18:36:04 UTC,2017-03-29 18:36:04 UTC
715,797,138011,"""Pentapetalae""",10,2017-03-29 18:36:04 UTC,2017-03-29 18:36:04 UTC
716,797,138011,"""rosids""",11,2017-03-29 18:36:04 UTC,2017-03-29 18:36:04 UTC
717,797,138011,"""malvids""",12,2017-03-29 18:36:04 UTC,2017-03-29 18:36:04 UTC
718,797,138011,"""Brassicales""",13,2017-03-29 18:36:04 UTC,2017-03-29 18:36:04 UTC
719,797,138011,"""Brassicaceae""",14,2017-03-29 18:36:04 UTC,2017-03-29 18:36:04 UTC
720,797,138011,"""Brassiceae""",15,2017-03-29 18:36:04 UTC,2017-03-29 18:36:04 UTC
721,797,138011,"""Brassica""",16,2017-03-29 18:36:04 UTC,2017-03-29 18:36:04 UTC
722,798,145700,"""Eukaryota""",1,2017-03-29 18:36:04 UTC,2017-03-29 18:36:04 UTC
723,798,145700,"""Viridiplantae""",2,2017-03-29 18:36:04 UTC,2017-03-29 18:36:04 UTC
724,798,145700,"""Streptophyta""",3,2017-03-29 18:36:04 UTC,2017-03-29 18:36:04 UTC
725,798,145700,"""Embryophyta""",4,2017-03-29 18:36:04 UTC,2017-03-29 18:36:04 UTC
726,798,145700,"""Tracheophyta""",5,2017-03-29 18:36:04 UTC,2017-03-29 18:36:04 UTC
727,798,145700,"""Spermatophyta""",6,2017-03-29 18:36:04 UTC,2017-03-29 18:36:04 UTC
728,798,145700,"""Magnoliophyta""",7,2017-03-29 18:36:04 UTC,2017-03-29 18:36:04 UTC
729,798,145700,"""Liliopsida""",8,2017-03-29 18:36:04 UTC,2017-03-29 18:36:04 UTC
730,798,145700,"""Arecaceae""",9,2017-03-29 18:36:04 UTC,2017-03-29 18:36:04 UTC
731,798,145700,"""Arecoideae""",10,2017-03-29 18:36:04 UTC,2017-03-29 18:36:04 UTC
732,798,145700,"""Cocoseae""",11,2017-03-29 18:36:04 UTC,2017-03-29 18:36:04 UTC
733,798,145700,"""Attaleinae""",12,2017-03-29 18:36:04 UTC,2017-03-29 18:36:04 UTC
734,798,145700,"""Attalea""",13,2017-03-29 18:36:04 UTC,2017-03-29 18:36:04 UTC
735,799,108881,"""Eukaryota""",1,2017-03-29 18:36:04 UTC,2017-03-29 18:36:04 UTC
736,799,108881,"""Viridiplantae""",2,2017-03-29 18:36:04 UTC,2017-03-29 18:36:04 UTC
737,799,108881,"""Streptophyta""",3,2017-03-29 18:36:04 UTC,2017-03-29 18:36:04 UTC
738,799,108881,"""Embryophyta""",4,2017-03-29 18:36:04 UTC,2017-03-29 18:36:04 UTC
739,799,108881,"""Tracheophyta""",5,2017-03-29 18:36:04 UTC,2017-03-29 18:36:04 UTC
740,799,108881,"""Spermatophyta""",6,2017-03-29 18:36:04 UTC,2017-03-29 18:36:04 UTC
741,799,108881,"""Magnoliophyta""",7,2017-03-29 18:36:04 UTC,2017-03-29 18:36:04 UTC
742,799,108881,"""eudicotyledons""",8,2017-03-29 18:36:04 UTC,2017-03-29 18:36:04 UTC
743,799,108881,"""Gunneridae""",9,2017-03-29 18:36:04 UTC,2017-03-29 18:36:04 UTC
744,799,108881,"""Pentapetalae""",10,2017-03-29 18:36:04 UTC,2017-03-29 18:36:04 UTC
745,799,108881,"""rosids""",11,2017-03-29 18:36:04 UTC,2017-03-29 18:36:04 UTC
746,799,108881,"""malvids""",12,2017-03-29 18:36:04 UTC,2017-03-29 18:36:04 UTC
747,799,108881,"""Malvales""",13,2017-03-29 18:36:04 UTC,2017-03-29 18:36:04 UTC
748,799,108881,"""Malvaceae""",14,2017-03-29 18:36:04 UTC,2017-03-29 18:36:04 UTC
749,799,108881,"""Byttnerioideae""",15,2017-03-29 18:36:04 UTC,2017-03-29 18:36:04 UTC
750,799,108881,"""Theobroma""",16,2017-03-29 18:36:04 UTC,2017-03-29 18:36:04 UTC
751,800,292385,"""Eukaryota""",1,2017-03-29 18:36:04 UTC,2017-03-29 18:36:04 UTC
752,800,292385,"""Viridiplantae""",2,2017-03-29 18:36:04 UTC,2017-03-29 18:36:04 UTC
753,800,292385,"""Streptophyta""",3,2017-03-29 18:36:04 UTC,2017-03-29 18:36:04 UTC
754,800,292385,"""Embryophyta""",4,2017-03-29 18:36:04 UTC,2017-03-29 18:36:04 UTC
755,800,292385,"""Tracheophyta""",5,2017-03-29 18:36:04 UTC,2017-03-29 18:36:04 UTC
756,800,292385,"""Spermatophyta""",6,2017-03-29 18:36:04 UTC,2017-03-29 18:36:04 UTC
757,800,292385,"""Magnoliophyta""",7,2017-03-29 18:36:04 UTC,2017-03-29 18:36:04 UTC
758,800,292385,"""eudicotyledons""",8,2017-03-29 18:36:04 UTC,2017-03-29 18:36:04 UTC
759,800,292385,"""Gunneridae""",9,2017-03-29 18:36:04 UTC,2017-03-29 18:36:04 UTC
760,800,292385,"""Pentapetalae""",10,2017-03-29 18:36:04 UTC,2017-03-29 18:36:04 UTC
761,800,292385,"""asterids""",11,2017-03-29 18:36:04 UTC,2017-03-29 18:36:04 UTC
762,800,292385,"""Ericales""",12,2017-03-29 18:36:04 UTC,2017-03-29 18:36:04 UTC
763,800,292385,"""Sapotaceae""",13,2017-03-29 18:36:04 UTC,2017-03-29 18:36:04 UTC
764,800,292385,"""Sapotoideae""",14,2017-03-29 18:36:04 UTC,2017-03-29 18:36:04 UTC
765,800,292385,"""Vitellaria""",15,2017-03-29 18:36:04 UTC,2017-03-29 18:36:04 UTC
766,801,385388,"""Eukaryota""",1,2017-03-29 18:36:04 UTC,2017-03-29 18:36:04 UTC
767,801,385388,"""Viridiplantae""",2,2017-03-29 18:36:04 UTC,2017-03-29 18:36:04 UTC
768,801,385388,"""Streptophyta""",3,2017-03-29 18:36:04 UTC,2017-03-29 18:36:04 UTC
769,801,385388,"""Embryophyta""",4,2017-03-29 18:36:04 UTC,2017-03-29 18:36:04 UTC
770,801,385388,"""Tracheophyta""",5,2017-03-29 18:36:04 UTC,2017-03-29 18:36:04 UTC
771,801,385388,"""Spermatophyta""",6,2017-03-29 18:36:04 UTC,2017-03-29 18:36:04 UTC
772,801,385388,"""Magnoliophyta""",7,2017-03-29 18:36:04 UTC,2017-03-29 18:36:04 UTC
773,801,385388,"""eudicotyledons""",8,2017-03-29 18:36:04 UTC,2017-03-29 18:36:04 UTC
774,801,385388,"""Gunneridae""",9,2017-03-29 18:36:04 UTC,2017-03-29 18:36:04 UTC
775,801,385388,"""Pentapetalae""",10,2017-03-29 18:36:04 UTC,2017-03-29 18:36:04 UTC
776,801,385388,"""asterids""",11,2017-03-29 18:36:04 UTC,2017-03-29 18:36:04 UTC
777,801,385388,"""Ericales""",12,2017-03-29 18:36:04 UTC,2017-03-29 18:36:04 UTC
778,801,385388,"""Theaceae""",13,2017-03-29 18:36:04 UTC,2017-03-29 18:36:04 UTC
779,801,385388,"""Camellia""",14,2017-03-29 18:36:04 UTC,2017-03-29 18:36:04 UTC
780,802,224910,"""Eukaryota""",1,2017-03-29 18:36:04 UTC,2017-03-29 18:36:04 UTC
781,802,224910,"""Viridiplantae""",2,2017-03-29 18:36:04 UTC,2017-03-29 18:36:04 UTC
782,802,224910,"""Streptophyta""",3,2017-03-29 18:36:04 UTC,2017-03-29 18:36:04 UTC
783,802,224910,"""Embryophyta""",4,2017-03-29 18:36:04 UTC,2017-03-29 18:36:04 UTC
784,802,224910,"""Tracheophyta""",5,2017-03-29 18:36:04 UTC,2017-03-29 18:36:04 UTC
785,802,224910,"""Spermatophyta""",6,2017-03-29 18:36:05 UTC,2017-03-29 18:36:05 UTC
786,802,224910,"""Magnoliophyta""",7,2017-03-29 18:36:05 UTC,2017-03-29 18:36:05 UTC
787,802,224910,"""Magnoliidae""",8,2017-03-29 18:36:05 UTC,2017-03-29 18:36:05 UTC
788,802,224910,"""Magnoliales""",9,2017-03-29 18:36:05 UTC,2017-03-29 18:36:05 UTC
789,802,224910,"""Myristicaceae""",10,2017-03-29 18:36:05 UTC,2017-03-29 18:36:05 UTC
790,802,224910,"""Virola""",11,2017-03-29 18:36:05 UTC,2017-03-29 18:36:05 UTC
791,813,4270,"""Eukaryota""",1,2017-03-29 18:36:05 UTC,2017-03-29 18:36:05 UTC
792,813,4270,"""Viridiplantae""",2,2017-03-29 18:36:05 UTC,2017-03-29 18:36:05 UTC
793,813,4270,"""Streptophyta""",3,2017-03-29 18:36:05 UTC,2017-03-29 18:36:05 UTC
794,813,4270,"""Embryophyta""",4,2017-03-29 18:36:05 UTC,2017-03-29 18:36:05 UTC
795,813,4270,"""Tracheophyta""",5,2017-03-29 18:36:05 UTC,2017-03-29 18:36:05 UTC
796,813,4270,"""Spermatophyta""",6,2017-03-29 18:36:05 UTC,2017-03-29 18:36:05 UTC
797,813,4270,"""Magnoliophyta""",7,2017-03-29 18:36:05 UTC,2017-03-29 18:36:05 UTC
798,813,4270,"""eudicotyledons""",8,2017-03-29 18:36:05 UTC,2017-03-29 18:36:05 UTC
799,813,4270,"""Gunneridae""",9,2017-03-29 18:36:05 UTC,2017-03-29 18:36:05 UTC
800,813,4270,"""Pentapetalae""",10,2017-03-29 18:36:05 UTC,2017-03-29 18:36:05 UTC
801,813,4270,"""rosids""",11,2017-03-29 18:36:05 UTC,2017-03-29 18:36:05 UTC
802,813,4270,"""fabids""",12,2017-03-29 18:36:05 UTC,2017-03-29 18:36:05 UTC
803,813,4270,"""Malpighiales""",13,2017-03-29 18:36:05 UTC,2017-03-29 18:36:05 UTC
804,813,4270,"""Malpighiaceae""",14,2017-03-29 18:36:05 UTC,2017-03-29 18:36:05 UTC
805,813,4270,"""Byrsonima""",15,2017-03-29 18:36:05 UTC,2017-03-29 18:36:05 UTC
806,814,227725,"""Eukaryota""",1,2017-03-29 18:36:05 UTC,2017-03-29 18:36:05 UTC
807,814,227725,"""Viridiplantae""",2,2017-03-29 18:36:05 UTC,2017-03-29 18:36:05 UTC
808,814,227725,"""Streptophyta""",3,2017-03-29 18:36:05 UTC,2017-03-29 18:36:05 UTC
809,814,227725,"""Embryophyta""",4,2017-03-29 18:36:05 UTC,2017-03-29 18:36:05 UTC
810,814,227725,"""Tracheophyta""",5,2017-03-29 18:36:05 UTC,2017-03-29 18:36:05 UTC
811,814,227725,"""Spermatophyta""",6,2017-03-29 18:36:05 UTC,2017-03-29 18:36:05 UTC
812,814,227725,"""Magnoliophyta""",7,2017-03-29 18:36:05 UTC,2017-03-29 18:36:05 UTC
813,814,227725,"""eudicotyledons""",8,2017-03-29 18:36:05 UTC,2017-03-29 18:36:05 UTC
814,814,227725,"""Gunneridae""",9,2017-03-29 18:36:05 UTC,2017-03-29 18:36:05 UTC
815,814,227725,"""Pentapetalae""",10,2017-03-29 18:36:05 UTC,2017-03-29 18:36:05 UTC
816,814,227725,"""asterids""",11,2017-03-29 18:36:05 UTC,2017-03-29 18:36:05 UTC
817,814,227725,"""lamiids""",12,2017-03-29 18:36:05 UTC,2017-03-29 18:36:05 UTC
818,814,227725,"""Solanales""",13,2017-03-29 18:36:05 UTC,2017-03-29 18:36:05 UTC
819,814,227725,"""Solanaceae""",14,2017-03-29 18:36:05 UTC,2017-03-29 18:36:05 UTC
820,814,227725,"""Solanoideae""",15,2017-03-29 18:36:05 UTC,2017-03-29 18:36:05 UTC
821,814,227725,"""Solaneae""",16,2017-03-29 18:36:05 UTC,2017-03-29 18:36:05 UTC
822,814,227725,"""Solanum""",17,2017-03-29 18:36:05 UTC,2017-03-29 18:36:05 UTC
823,849,153159,"""Eukaryota""",1,2017-03-29 18:36:05 UTC,2017-03-29 18:36:05 UTC
824,849,153159,"""Viridiplantae""",2,2017-03-29 18:36:05 UTC,2017-03-29 18:36:05 UTC
825,849,153159,"""Streptophyta""",3,2017-03-29 18:36:05 UTC,2017-03-29 18:36:05 UTC
826,849,153159,"""Embryophyta""",4,2017-03-29 18:36:05 UTC,2017-03-29 18:36:05 UTC
827,849,153159,"""Tracheophyta""",5,2017-03-29 18:36:05 UTC,2017-03-29 18:36:05 UTC
828,849,153159,"""Spermatophyta""",6,2017-03-29 18:36:05 UTC,2017-03-29 18:36:05 UTC
829,849,153159,"""Magnoliophyta""",7,2017-03-29 18:36:05 UTC,2017-03-29 18:36:05 UTC
830,849,153159,"""eudicotyledons""",8,2017-03-29 18:36:05 UTC,2017-03-29 18:36:05 UTC
831,849,153159,"""Gunneridae""",9,2017-03-29 18:36:05 UTC,2017-03-29 18:36:05 UTC
832,849,153159,"""Pentapetalae""",10,2017-03-29 18:36:05 UTC,2017-03-29 18:36:05 UTC
833,849,153159,"""asterids""",11,2017-03-29 18:36:05 UTC,2017-03-29 18:36:05 UTC
834,849,153159,"""campanulids""",12,2017-03-29 18:36:05 UTC,2017-03-29 18:36:05 UTC
835,849,153159,"""Asterales""",13,2017-03-29 18:36:05 UTC,2017-03-29 18:36:05 UTC
836,849,153159,"""Asteraceae""",14,2017-03-29 18:36:05 UTC,2017-03-29 18:36:05 UTC
837,849,153159,"""Asteroideae""",15,2017-03-29 18:36:05 UTC,2017-03-29 18:36:05 UTC
838,849,153159,"""Heliantheae alliance""",16,2017-03-29 18:36:05 UTC,2017-03-29 18:36:05 UTC
839,849,153159,"""Coreopsideae""",17,2017-03-29 18:36:05 UTC,2017-03-29 18:36:05 UTC
840,849,153159,"""Thelesperma""",18,2017-03-29 18:36:05 UTC,2017-03-29 18:36:05 UTC
841,861,7713,"""Eukaryota""",1,2017-03-29 18:36:05 UTC,2017-03-29 18:36:05 UTC
842,861,7713,"""Metazoa""",2,2017-03-29 18:36:05 UTC,2017-03-29 18:36:05 UTC
843,861,7713,"""Chordata""",3,2017-03-29 18:36:05 UTC,2017-03-29 18:36:05 UTC
844,861,7713,"""Tunicata""",4,2017-03-29 18:36:05 UTC,2017-03-29 18:36:05 UTC
845,861,7713,"""Ascidiacea""",5,2017-03-29 18:36:05 UTC,2017-03-29 18:36:05 UTC
846,863,77113,"""Eukaryota""",1,2017-03-29 18:36:05 UTC,2017-03-29 18:36:05 UTC
847,863,77113,"""Viridiplantae""",2,2017-03-29 18:36:05 UTC,2017-03-29 18:36:05 UTC
848,863,77113,"""Streptophyta""",3,2017-03-29 18:36:05 UTC,2017-03-29 18:36:05 UTC
849,863,77113,"""Embryophyta""",4,2017-03-29 18:36:05 UTC,2017-03-29 18:36:05 UTC
850,863,77113,"""Tracheophyta""",5,2017-03-29 18:36:05 UTC,2017-03-29 18:36:05 UTC
851,863,77113,"""Spermatophyta""",6,2017-03-29 18:36:05 UTC,2017-03-29 18:36:05 UTC
852,863,77113,"""Magnoliophyta""",7,2017-03-29 18:36:05 UTC,2017-03-29 18:36:05 UTC
853,863,77113,"""basal Magnoliophyta""",8,2017-03-29 18:36:05 UTC,2017-03-29 18:36:05 UTC
854,863,77113,"""Nymphaeales""",9,2017-03-29 18:36:05 UTC,2017-03-29 18:36:05 UTC
855,863,77113,"""Nymphaeaceae""",10,2017-03-29 18:36:05 UTC,2017-03-29 18:36:05 UTC
856,863,77113,"""Nuphar""",11,2017-03-29 18:36:05 UTC,2017-03-29 18:36:05 UTC
857,879,113210,"""Eukaryota""",1,2017-03-29 18:36:05 UTC,2017-03-29 18:36:05 UTC
858,879,113210,"""Viridiplantae""",2,2017-03-29 18:36:05 UTC,2017-03-29 18:36:05 UTC
859,879,113210,"""Streptophyta""",3,2017-03-29 18:36:05 UTC,2017-03-29 18:36:05 UTC
860,879,113210,"""Embryophyta""",4,2017-03-29 18:36:05 UTC,2017-03-29 18:36:05 UTC
861,879,113210,"""Tracheophyta""",5,2017-03-29 18:36:05 UTC,2017-03-29 18:36:05 UTC
862,879,113210,"""Spermatophyta""",6,2017-03-29 18:36:05 UTC,2017-03-29 18:36:05 UTC
863,879,113210,"""Magnoliophyta""",7,2017-03-29 18:36:05 UTC,2017-03-29 18:36:05 UTC
864,879,113210,"""eudicotyledons""",8,2017-03-29 18:36:05 UTC,2017-03-29 18:36:05 UTC
865,879,113210,"""Gunneridae""",9,2017-03-29 18:36:05 UTC,2017-03-29 18:36:05 UTC
866,879,113210,"""Pentapetalae""",10,2017-03-29 18:36:05 UTC,2017-03-29 18:36:05 UTC
867,879,113210,"""asterids""",11,2017-03-29 18:36:05 UTC,2017-03-29 18:36:05 UTC
868,879,113210,"""lamiids""",12,2017-03-29 18:36:05 UTC,2017-03-29 18:36:05 UTC
869,879,113210,"""Solanales""",13,2017-03-29 18:36:05 UTC,2017-03-29 18:36:05 UTC
870,879,113210,"""Solanaceae""",14,2017-03-29 18:36:05 UTC,2017-03-29 18:36:05 UTC
871,879,113210,"""Solanoideae""",15,2017-03-29 18:36:05 UTC,2017-03-29 18:36:05 UTC
872,879,113210,"""Capsiceae""",16,2017-03-29 18:36:05 UTC,2017-03-29 18:36:05 UTC
873,879,113210,"""Capsicum""",17,2017-03-29 18:36:05 UTC,2017-03-29 18:36:05 UTC
874,880,4682,"""Eukaryota""",1,2017-03-29 18:36:05 UTC,2017-03-29 18:36:05 UTC
875,880,4682,"""Viridiplantae""",2,2017-03-29 18:36:05 UTC,2017-03-29 18:36:05 UTC
876,880,4682,"""Streptophyta""",3,2017-03-29 18:36:05 UTC,2017-03-29 18:36:05 UTC
877,880,4682,"""Embryophyta""",4,2017-03-29 18:36:05 UTC,2017-03-29 18:36:05 UTC
878,880,4682,"""Tracheophyta""",5,2017-03-29 18:36:05 UTC,2017-03-29 18:36:05 UTC
879,880,4682,"""Spermatophyta""",6,2017-03-29 18:36:05 UTC,2017-03-29 18:36:05 UTC
880,880,4682,"""Magnoliophyta""",7,2017-03-29 18:36:06 UTC,2017-03-29 18:36:06 UTC
881,880,4682,"""Liliopsida""",8,2017-03-29 18:36:06 UTC,2017-03-29 18:36:06 UTC
882,880,4682,"""Asparagales""",9,2017-03-29 18:36:06 UTC,2017-03-29 18:36:06 UTC
883,880,4682,"""Amaryllidaceae""",10,2017-03-29 18:36:06 UTC,2017-03-29 18:36:06 UTC
884,880,4682,"""Allioideae""",11,2017-03-29 18:36:06 UTC,2017-03-29 18:36:06 UTC
885,880,4682,"""Allieae""",12,2017-03-29 18:36:06 UTC,2017-03-29 18:36:06 UTC
886,880,4682,"""Allium""",13,2017-03-29 18:36:06 UTC,2017-03-29 18:36:06 UTC
887,887,3705,"""Eukaryota""",1,2017-03-29 18:36:06 UTC,2017-03-29 18:36:06 UTC
888,887,3705,"""Viridiplantae""",2,2017-03-29 18:36:06 UTC,2017-03-29 18:36:06 UTC
889,887,3705,"""Streptophyta""",3,2017-03-29 18:36:06 UTC,2017-03-29 18:36:06 UTC
890,887,3705,"""Embryophyta""",4,2017-03-29 18:36:06 UTC,2017-03-29 18:36:06 UTC
891,887,3705,"""Tracheophyta""",5,2017-03-29 18:36:06 UTC,2017-03-29 18:36:06 UTC
892,887,3705,"""Spermatophyta""",6,2017-03-29 18:36:06 UTC,2017-03-29 18:36:06 UTC
893,887,3705,"""Magnoliophyta""",7,2017-03-29 18:36:06 UTC,2017-03-29 18:36:06 UTC
894,887,3705,"""eudicotyledons""",8,2017-03-29 18:36:06 UTC,2017-03-29 18:36:06 UTC
895,887,3705,"""Gunneridae""",9,2017-03-29 18:36:06 UTC,2017-03-29 18:36:06 UTC
896,887,3705,"""Pentapetalae""",10,2017-03-29 18:36:06 UTC,2017-03-29 18:36:06 UTC
897,887,3705,"""rosids""",11,2017-03-29 18:36:06 UTC,2017-03-29 18:36:06 UTC
898,887,3705,"""malvids""",12,2017-03-29 18:36:06 UTC,2017-03-29 18:36:06 UTC
899,887,3705,"""Brassicales""",13,2017-03-29 18:36:06 UTC,2017-03-29 18:36:06 UTC
900,887,3705,"""Brassicaceae""",14,2017-03-29 18:36:06 UTC,2017-03-29 18:36:06 UTC
901,887,3705,"""Brassiceae""",15,2017-03-29 18:36:06 UTC,2017-03-29 18:36:06 UTC
902,887,3705,"""Brassica""",16,2017-03-29 18:36:06 UTC,2017-03-29 18:36:06 UTC
903,909,4072,"""Eukaryota""",1,2017-03-29 18:36:06 UTC,2017-03-29 18:36:06 UTC
904,909,4072,"""Viridiplantae""",2,2017-03-29 18:36:06 UTC,2017-03-29 18:36:06 UTC
905,909,4072,"""Streptophyta""",3,2017-03-29 18:36:06 UTC,2017-03-29 18:36:06 UTC
906,909,4072,"""Embryophyta""",4,2017-03-29 18:36:06 UTC,2017-03-29 18:36:06 UTC
907,909,4072,"""Tracheophyta""",5,2017-03-29 18:36:06 UTC,2017-03-29 18:36:06 UTC
908,909,4072,"""Spermatophyta""",6,2017-03-29 18:36:06 UTC,2017-03-29 18:36:06 UTC
909,909,4072,"""Magnoliophyta""",7,2017-03-29 18:36:06 UTC,2017-03-29 18:36:06 UTC
910,909,4072,"""eudicotyledons""",8,2017-03-29 18:36:06 UTC,2017-03-29 18:36:06 UTC
911,909,4072,"""Gunneridae""",9,2017-03-29 18:36:06 UTC,2017-03-29 18:36:06 UTC
912,909,4072,"""Pentapetalae""",10,2017-03-29 18:36:06 UTC,2017-03-29 18:36:06 UTC
913,909,4072,"""asterids""",11,2017-03-29 18:36:06 UTC,2017-03-29 18:36:06 UTC
914,909,4072,"""lamiids""",12,2017-03-29 18:36:06 UTC,2017-03-29 18:36:06 UTC
915,909,4072,"""Solanales""",13,2017-03-29 18:36:06 UTC,2017-03-29 18:36:06 UTC
916,909,4072,"""Solanaceae""",14,2017-03-29 18:36:06 UTC,2017-03-29 18:36:06 UTC
917,909,4072,"""Solanoideae""",15,2017-03-29 18:36:06 UTC,2017-03-29 18:36:06 UTC
918,909,4072,"""Capsiceae""",16,2017-03-29 18:36:06 UTC,2017-03-29 18:36:06 UTC
919,909,4072,"""Capsicum""",17,2017-03-29 18:36:06 UTC,2017-03-29 18:36:06 UTC
